"","X","datecollected","siteid","sampleid","basisofrecord","minimumdepthinmeters","maximumdepthinmeters","taxaname","taxanameid","samplingeffort","parameter","parameter_value","parameter_standardunit","month","year"
"1",110,"1990-09-04","32.836143_35.027246_6541","32.836143_35.027246_6541_19900904",NA,NA,20,"Alectis alexandrina",401555,NA,"Count (Dmnless)",1,"Dmnless",9,1990
"2",111,"1990-09-04","32.836143_35.027246_6541","32.836143_35.027246_6541_19900904",NA,NA,20,"Alepes djedaba",126800,NA,"Count (Dmnless)",34,"Dmnless",9,1990
"3",112,"1990-09-04","32.836143_35.027246_6541","32.836143_35.027246_6541_19900904",NA,NA,20,"Pagellus erythrinus",127060,NA,"Count (Dmnless)",123,"Dmnless",9,1990
"4",113,"1990-09-04","32.836143_35.027246_6541","32.836143_35.027246_6541_19900904",NA,NA,20,"Pagrus caeruleostictus",127062,NA,"Count (Dmnless)",2,"Dmnless",9,1990
"5",114,"1990-09-04","32.836143_35.027246_6541","32.836143_35.027246_6541_19900904",NA,NA,20,"Pomadasys incisus",126947,NA,"Count (Dmnless)",1,"Dmnless",9,1990
"6",115,"1990-09-04","32.836143_35.027246_6541","32.836143_35.027246_6541_19900904",NA,NA,20,"Sardinella aurita",126422,NA,"Count (Dmnless)",1,"Dmnless",9,1990
"7",116,"1990-09-04","32.836143_35.027246_6541","32.836143_35.027246_6541_19900904",NA,NA,20,"Saurida undosquamis",126371,NA,"Count (Dmnless)",5,"Dmnless",9,1990
"8",117,"1990-09-04","32.836143_35.027246_6541","32.836143_35.027246_6541_19900904",NA,NA,20,"Scomber japonicus",127022,NA,"Count (Dmnless)",2,"Dmnless",9,1990
"9",118,"1990-09-04","32.836143_35.027246_6541","32.836143_35.027246_6541_19900904",NA,NA,20,"Sphyraena sphyraena",127068,NA,"Count (Dmnless)",17,"Dmnless",9,1990
"10",119,"1990-09-04","32.836143_35.027246_6541","32.836143_35.027246_6541_19900904",NA,NA,20,"Trachurus mediterraneus",126820,NA,"Count (Dmnless)",57,"Dmnless",9,1990
"11",120,"1991-07-16","32.836143_35.027246_6541","32.836143_35.027246_6541_19910716",NA,NA,26,"Boops boops",127047,NA,"Count (Dmnless)",3,"Dmnless",7,1991
"12",121,"1991-07-16","32.836143_35.027246_6541","32.836143_35.027246_6541_19910716",NA,NA,26,"Bothus podas",127129,NA,"Count (Dmnless)",2,"Dmnless",7,1991
"13",122,"1991-07-16","32.836143_35.027246_6541","32.836143_35.027246_6541_19910716",NA,NA,26,"Citharus linguatula",127130,NA,"Count (Dmnless)",10,"Dmnless",7,1991
"14",123,"1991-07-16","32.836143_35.027246_6541","32.836143_35.027246_6541_19910716",NA,NA,26,"Engraulis encrasicolus",126426,NA,"Count (Dmnless)",53,"Dmnless",7,1991
"15",124,"1991-07-16","32.836143_35.027246_6541","32.836143_35.027246_6541_19910716",NA,NA,26,"Gobius niger",126892,NA,"Count (Dmnless)",1,"Dmnless",7,1991
"16",125,"1991-07-16","32.836143_35.027246_6541","32.836143_35.027246_6541_19910716",NA,NA,26,"Lepidotrigla cavillone",127264,NA,"Count (Dmnless)",3,"Dmnless",7,1991
"17",126,"1991-07-16","32.836143_35.027246_6541","32.836143_35.027246_6541_19910716",NA,NA,26,"Macroramphosus scolopax",127378,NA,"Count (Dmnless)",1,"Dmnless",7,1991
"18",127,"1991-07-16","32.836143_35.027246_6541","32.836143_35.027246_6541_19910716",NA,NA,26,"Mullus barbatus",126985,NA,"Count (Dmnless)",4,"Dmnless",7,1991
"19",128,"1991-07-16","32.836143_35.027246_6541","32.836143_35.027246_6541_19910716",NA,NA,26,"Mullus surmuletus",126986,NA,"Count (Dmnless)",1,"Dmnless",7,1991
"20",129,"1991-07-16","32.836143_35.027246_6541","32.836143_35.027246_6541_19910716",NA,NA,26,"Pagellus acarne",127057,NA,"Count (Dmnless)",4,"Dmnless",7,1991
"21",130,"1991-07-16","32.836143_35.027246_6541","32.836143_35.027246_6541_19910716",NA,NA,26,"Pagellus erythrinus",127060,NA,"Count (Dmnless)",34,"Dmnless",7,1991
"22",131,"1991-07-16","32.836143_35.027246_6541","32.836143_35.027246_6541_19910716",NA,NA,26,"Pagrus caeruleostictus",127062,NA,"Count (Dmnless)",2,"Dmnless",7,1991
"23",132,"1991-07-16","32.836143_35.027246_6541","32.836143_35.027246_6541_19910716",NA,NA,26,"Pegusa impar",236490,NA,"Count (Dmnless)",2,"Dmnless",7,1991
"24",133,"1991-07-16","32.836143_35.027246_6541","32.836143_35.027246_6541_19910716",NA,NA,26,"Sardina pilchardus",126421,NA,"Count (Dmnless)",73,"Dmnless",7,1991
"25",134,"1991-07-16","32.836143_35.027246_6541","32.836143_35.027246_6541_19910716",NA,NA,26,"Saurida undosquamis",126371,NA,"Count (Dmnless)",14,"Dmnless",7,1991
"26",135,"1991-07-16","32.836143_35.027246_6541","32.836143_35.027246_6541_19910716",NA,NA,26,"Serranus hepatus",127042,NA,"Count (Dmnless)",1,"Dmnless",7,1991
"27",136,"1991-07-16","32.836143_35.027246_6541","32.836143_35.027246_6541_19910716",NA,NA,26,"Sphyraena sphyraena",127068,NA,"Count (Dmnless)",6,"Dmnless",7,1991
"28",137,"1991-07-16","32.836143_35.027246_6541","32.836143_35.027246_6541_19910716",NA,NA,26,"Spicara smaris",126830,NA,"Count (Dmnless)",10,"Dmnless",7,1991
"29",138,"1991-07-16","32.836143_35.027246_6541","32.836143_35.027246_6541_19910716",NA,NA,26,"Stephanolepis diaspros",127408,NA,"Count (Dmnless)",4,"Dmnless",7,1991
"30",139,"1991-07-16","32.836143_35.027246_6541","32.836143_35.027246_6541_19910716",NA,NA,26,"Trachurus mediterraneus",126820,NA,"Count (Dmnless)",13,"Dmnless",7,1991
"31",140,"1991-07-16","32.836143_35.027246_6541","32.836143_35.027246_6541_19910716",NA,NA,26,"Upeneus moluccensis",126989,NA,"Count (Dmnless)",41,"Dmnless",7,1991
"32",141,"1991-07-16","32.836143_35.027246_6541","32.836143_35.027246_6541_19910716",NA,NA,26,"Upeneus pori",273671,NA,"Count (Dmnless)",5,"Dmnless",7,1991
"33",142,"1992-07-15","32.836143_35.027246_6541","32.836143_35.027246_6541_19920715",NA,NA,29,"Boops boops",127047,NA,"Count (Dmnless)",4,"Dmnless",7,1992
"34",143,"1992-07-15","32.836143_35.027246_6541","32.836143_35.027246_6541_19920715",NA,NA,29,"Bothus podas",127129,NA,"Count (Dmnless)",1,"Dmnless",7,1992
"35",144,"1992-07-15","32.836143_35.027246_6541","32.836143_35.027246_6541_19920715",NA,NA,29,"Chelidonichthys lastoviza",127261,NA,"Count (Dmnless)",2,"Dmnless",7,1992
"36",145,"1992-07-15","32.836143_35.027246_6541","32.836143_35.027246_6541_19920715",NA,NA,29,"Citharus linguatula",127130,NA,"Count (Dmnless)",2,"Dmnless",7,1992
"37",146,"1992-07-15","32.836143_35.027246_6541","32.836143_35.027246_6541_19920715",NA,NA,29,"Dentex",126075,NA,"Count (Dmnless)",1,"Dmnless",7,1992
"38",147,"1992-07-15","32.836143_35.027246_6541","32.836143_35.027246_6541_19920715",NA,NA,29,"Engraulis encrasicolus",126426,NA,"Count (Dmnless)",2,"Dmnless",7,1992
"39",148,"1992-07-15","32.836143_35.027246_6541","32.836143_35.027246_6541_19920715",NA,NA,29,"Merluccius merluccius",126484,NA,"Count (Dmnless)",1,"Dmnless",7,1992
"40",149,"1992-07-15","32.836143_35.027246_6541","32.836143_35.027246_6541_19920715",NA,NA,29,"Mullus barbatus",126985,NA,"Count (Dmnless)",1,"Dmnless",7,1992
"41",150,"1992-07-15","32.836143_35.027246_6541","32.836143_35.027246_6541_19920715",NA,NA,29,"Mullus surmuletus",126986,NA,"Count (Dmnless)",1,"Dmnless",7,1992
"42",151,"1992-07-15","32.836143_35.027246_6541","32.836143_35.027246_6541_19920715",NA,NA,29,"Pagellus acarne",127057,NA,"Count (Dmnless)",7,"Dmnless",7,1992
"43",152,"1992-07-15","32.836143_35.027246_6541","32.836143_35.027246_6541_19920715",NA,NA,29,"Pagellus erythrinus",127060,NA,"Count (Dmnless)",12,"Dmnless",7,1992
"44",153,"1992-07-15","32.836143_35.027246_6541","32.836143_35.027246_6541_19920715",NA,NA,29,"Sardinella aurita",126422,NA,"Count (Dmnless)",1,"Dmnless",7,1992
"45",154,"1992-07-15","32.836143_35.027246_6541","32.836143_35.027246_6541_19920715",NA,NA,29,"Scomber japonicus",127022,NA,"Count (Dmnless)",1,"Dmnless",7,1992
"46",155,"1992-07-15","32.836143_35.027246_6541","32.836143_35.027246_6541_19920715",NA,NA,29,"Sphyraena chrysotaenia",127067,NA,"Count (Dmnless)",9,"Dmnless",7,1992
"47",156,"1992-07-15","32.836143_35.027246_6541","32.836143_35.027246_6541_19920715",NA,NA,29,"Sphyraena sphyraena",127068,NA,"Count (Dmnless)",1,"Dmnless",7,1992
"48",157,"1992-07-15","32.836143_35.027246_6541","32.836143_35.027246_6541_19920715",NA,NA,29,"Spicara smaris",126830,NA,"Count (Dmnless)",2,"Dmnless",7,1992
"49",158,"1992-07-15","32.836143_35.027246_6541","32.836143_35.027246_6541_19920715",NA,NA,29,"Synodus saurus",126372,NA,"Count (Dmnless)",1,"Dmnless",7,1992
"50",159,"1992-07-15","32.836143_35.027246_6541","32.836143_35.027246_6541_19920715",NA,NA,29,"Trachinus draco",127082,NA,"Count (Dmnless)",1,"Dmnless",7,1992
"51",160,"1992-07-15","32.836143_35.027246_6541","32.836143_35.027246_6541_19920715",NA,NA,29,"Trachurus mediterraneus",126820,NA,"Count (Dmnless)",7,"Dmnless",7,1992
"52",161,"1992-07-15","32.836143_35.027246_6541","32.836143_35.027246_6541_19920715",NA,NA,29,"Trachurus trachurus",126822,NA,"Count (Dmnless)",2,"Dmnless",7,1992
"53",162,"1992-07-15","32.836143_35.027246_6541","32.836143_35.027246_6541_19920715",NA,NA,29,"Trichiurus lepturus",127089,NA,"Count (Dmnless)",7,"Dmnless",7,1992
"54",163,"1992-07-15","32.836143_35.027246_6541","32.836143_35.027246_6541_19920715",NA,NA,29,"Trigla lyra",127266,NA,"Count (Dmnless)",49,"Dmnless",7,1992
"55",164,"1992-07-15","32.836143_35.027246_6541","32.836143_35.027246_6541_19920715",NA,NA,29,"Upeneus moluccensis",126989,NA,"Count (Dmnless)",12,"Dmnless",7,1992
"56",165,"1993-08-25","32.836143_35.027246_6541","32.836143_35.027246_6541_19930825",NA,NA,29,"Boops boops",127047,NA,"Count (Dmnless)",4,"Dmnless",8,1993
"57",166,"1993-08-25","32.836143_35.027246_6541","32.836143_35.027246_6541_19930825",NA,NA,29,"Dentex",126075,NA,"Count (Dmnless)",5,"Dmnless",8,1993
"58",167,"1993-08-25","32.836143_35.027246_6541","32.836143_35.027246_6541_19930825",NA,NA,29,"Engraulis encrasicolus",126426,NA,"Count (Dmnless)",110,"Dmnless",8,1993
"59",168,"1993-08-25","32.836143_35.027246_6541","32.836143_35.027246_6541_19930825",NA,NA,29,"Gobius niger",126892,NA,"Count (Dmnless)",1,"Dmnless",8,1993
"60",169,"1993-08-25","32.836143_35.027246_6541","32.836143_35.027246_6541_19930825",NA,NA,29,"Lepidotrigla cavillone",127264,NA,"Count (Dmnless)",1,"Dmnless",8,1993
"61",170,"1993-08-25","32.836143_35.027246_6541","32.836143_35.027246_6541_19930825",NA,NA,29,"Mullus barbatus",126985,NA,"Count (Dmnless)",90,"Dmnless",8,1993
"62",171,"1993-08-25","32.836143_35.027246_6541","32.836143_35.027246_6541_19930825",NA,NA,29,"Mullus surmuletus",126986,NA,"Count (Dmnless)",2,"Dmnless",8,1993
"63",172,"1993-08-25","32.836143_35.027246_6541","32.836143_35.027246_6541_19930825",NA,NA,29,"Pagellus acarne",127057,NA,"Count (Dmnless)",2,"Dmnless",8,1993
"64",173,"1993-08-25","32.836143_35.027246_6541","32.836143_35.027246_6541_19930825",NA,NA,29,"Pagellus erythrinus",127060,NA,"Count (Dmnless)",4,"Dmnless",8,1993
"65",174,"1993-08-25","32.836143_35.027246_6541","32.836143_35.027246_6541_19930825",NA,NA,29,"Sardina pilchardus",126421,NA,"Count (Dmnless)",48,"Dmnless",8,1993
"66",175,"1993-08-25","32.836143_35.027246_6541","32.836143_35.027246_6541_19930825",NA,NA,29,"Sardinella aurita",126422,NA,"Count (Dmnless)",1,"Dmnless",8,1993
"67",176,"1993-08-25","32.836143_35.027246_6541","32.836143_35.027246_6541_19930825",NA,NA,29,"Saurida undosquamis",126371,NA,"Count (Dmnless)",3,"Dmnless",8,1993
"68",177,"1993-08-25","32.836143_35.027246_6541","32.836143_35.027246_6541_19930825",NA,NA,29,"Scomber japonicus",127022,NA,"Count (Dmnless)",14,"Dmnless",8,1993
"69",178,"1993-08-25","32.836143_35.027246_6541","32.836143_35.027246_6541_19930825",NA,NA,29,"Serranus hepatus",127042,NA,"Count (Dmnless)",4,"Dmnless",8,1993
"70",179,"1993-08-25","32.836143_35.027246_6541","32.836143_35.027246_6541_19930825",NA,NA,29,"Sphyraena sphyraena",127068,NA,"Count (Dmnless)",13,"Dmnless",8,1993
"71",180,"1993-08-25","32.836143_35.027246_6541","32.836143_35.027246_6541_19930825",NA,NA,29,"Trachurus mediterraneus",126820,NA,"Count (Dmnless)",7,"Dmnless",8,1993
"72",181,"1993-08-25","32.836143_35.027246_6541","32.836143_35.027246_6541_19930825",NA,NA,29,"Trichiurus lepturus",127089,NA,"Count (Dmnless)",2,"Dmnless",8,1993
"73",182,"1993-08-25","32.836143_35.027246_6541","32.836143_35.027246_6541_19930825",NA,NA,29,"Upeneus moluccensis",126989,NA,"Count (Dmnless)",59,"Dmnless",8,1993
"74",183,"1994-08-14","32.836143_35.027246_6541","32.836143_35.027246_6541_19940814",NA,NA,29,"Boops boops",127047,NA,"Count (Dmnless)",27,"Dmnless",8,1994
"75",184,"1994-08-14","32.836143_35.027246_6541","32.836143_35.027246_6541_19940814",NA,NA,29,"Dentex",126075,NA,"Count (Dmnless)",1,"Dmnless",8,1994
"76",185,"1994-08-14","32.836143_35.027246_6541","32.836143_35.027246_6541_19940814",NA,NA,29,"Engraulis encrasicolus",126426,NA,"Count (Dmnless)",90,"Dmnless",8,1994
"77",186,"1994-08-14","32.836143_35.027246_6541","32.836143_35.027246_6541_19940814",NA,NA,29,"Mullus barbatus",126985,NA,"Count (Dmnless)",86,"Dmnless",8,1994
"78",187,"1994-08-14","32.836143_35.027246_6541","32.836143_35.027246_6541_19940814",NA,NA,29,"Mullus surmuletus",126986,NA,"Count (Dmnless)",4,"Dmnless",8,1994
"79",188,"1994-08-14","32.836143_35.027246_6541","32.836143_35.027246_6541_19940814",NA,NA,29,"Pagellus acarne",127057,NA,"Count (Dmnless)",47,"Dmnless",8,1994
"80",189,"1994-08-14","32.836143_35.027246_6541","32.836143_35.027246_6541_19940814",NA,NA,29,"Pagellus erythrinus",127060,NA,"Count (Dmnless)",7,"Dmnless",8,1994
"81",190,"1994-08-14","32.836143_35.027246_6541","32.836143_35.027246_6541_19940814",NA,NA,29,"Sardina pilchardus",126421,NA,"Count (Dmnless)",5,"Dmnless",8,1994
"82",191,"1994-08-14","32.836143_35.027246_6541","32.836143_35.027246_6541_19940814",NA,NA,29,"Scomber japonicus",127022,NA,"Count (Dmnless)",24,"Dmnless",8,1994
"83",192,"1994-08-14","32.836143_35.027246_6541","32.836143_35.027246_6541_19940814",NA,NA,29,"Sphyraena chrysotaenia",127067,NA,"Count (Dmnless)",44,"Dmnless",8,1994
"84",193,"1994-08-14","32.836143_35.027246_6541","32.836143_35.027246_6541_19940814",NA,NA,29,"Spicara smaris",126830,NA,"Count (Dmnless)",1,"Dmnless",8,1994
"85",194,"1994-08-14","32.836143_35.027246_6541","32.836143_35.027246_6541_19940814",NA,NA,29,"Trachurus mediterraneus",126820,NA,"Count (Dmnless)",92,"Dmnless",8,1994
"86",195,"1994-08-14","32.836143_35.027246_6541","32.836143_35.027246_6541_19940814",NA,NA,29,"Upeneus moluccensis",126989,NA,"Count (Dmnless)",8,"Dmnless",8,1994
"87",196,"2009-08-14","32.836143_35.027246_6541","32.836143_35.027246_6541_20090814",NA,NA,15,"Alepes djedaba",126800,NA,"Count (Dmnless)",16,"Dmnless",8,2009
"88",197,"2009-08-14","32.836143_35.027246_6541","32.836143_35.027246_6541_20090814",NA,NA,15,"Apogon imberbis",273021,NA,"Count (Dmnless)",1,"Dmnless",8,2009
"89",198,"2009-08-14","32.836143_35.027246_6541","32.836143_35.027246_6541_20090814",NA,NA,15,"Boops boops",127047,NA,"Count (Dmnless)",5,"Dmnless",8,2009
"90",199,"2009-08-14","32.836143_35.027246_6541","32.836143_35.027246_6541_20090814",NA,NA,15,"Bothus podas",127129,NA,"Count (Dmnless)",4,"Dmnless",8,2009
"91",200,"2009-08-14","32.836143_35.027246_6541","32.836143_35.027246_6541_20090814",NA,NA,15,"Callionymus filamentosus",126791,NA,"Count (Dmnless)",23,"Dmnless",8,2009
"92",201,"2009-08-14","32.836143_35.027246_6541","32.836143_35.027246_6541_20090814",NA,NA,15,"Diplodus annularis",127049,NA,"Count (Dmnless)",1,"Dmnless",8,2009
"93",202,"2009-08-14","32.836143_35.027246_6541","32.836143_35.027246_6541_20090814",NA,NA,15,"Diplodus cervinus",127051,NA,"Count (Dmnless)",4,"Dmnless",8,2009
"94",203,"2009-08-14","32.836143_35.027246_6541","32.836143_35.027246_6541_20090814",NA,NA,15,"Equulites klunzingeri",398518,NA,"Count (Dmnless)",4,"Dmnless",8,2009
"95",204,"2009-08-14","32.836143_35.027246_6541","32.836143_35.027246_6541_20090814",NA,NA,15,"Jaydia smithi",313170,NA,"Count (Dmnless)",1,"Dmnless",8,2009
"96",205,"2009-08-14","32.836143_35.027246_6541","32.836143_35.027246_6541_20090814",NA,NA,15,"Lagocephalus spadiceus",127415,NA,"Count (Dmnless)",1,"Dmnless",8,2009
"97",206,"2009-08-14","32.836143_35.027246_6541","32.836143_35.027246_6541_20090814",NA,NA,15,"Lagocephalus suezensis",275268,NA,"Count (Dmnless)",3,"Dmnless",8,2009
"98",207,"2009-08-14","32.836143_35.027246_6541","32.836143_35.027246_6541_20090814",NA,NA,15,"Lithognathus mormyrus",127055,NA,"Count (Dmnless)",14,"Dmnless",8,2009
"99",208,"2009-08-14","32.836143_35.027246_6541","32.836143_35.027246_6541_20090814",NA,NA,15,"Nemipterus randalli",218518,NA,"Count (Dmnless)",2,"Dmnless",8,2009
"100",209,"2009-08-14","32.836143_35.027246_6541","32.836143_35.027246_6541_20090814",NA,NA,15,"Oblada melanurus",1577363,NA,"Count (Dmnless)",1,"Dmnless",8,2009
"101",210,"2009-08-14","32.836143_35.027246_6541","32.836143_35.027246_6541_20090814",NA,NA,15,"Pagellus erythrinus",127060,NA,"Count (Dmnless)",10,"Dmnless",8,2009
"102",211,"2009-08-14","32.836143_35.027246_6541","32.836143_35.027246_6541_20090814",NA,NA,15,"Pagrus caeruleostictus",127062,NA,"Count (Dmnless)",5,"Dmnless",8,2009
"103",212,"2009-08-14","32.836143_35.027246_6541","32.836143_35.027246_6541_20090814",NA,NA,15,"Plotosus lineatus",217659,NA,"Count (Dmnless)",7,"Dmnless",8,2009
"104",213,"2009-08-14","32.836143_35.027246_6541","32.836143_35.027246_6541_20090814",NA,NA,15,"Raja miraletus",105886,NA,"Count (Dmnless)",1,"Dmnless",8,2009
"105",214,"2009-08-14","32.836143_35.027246_6541","32.836143_35.027246_6541_20090814",NA,NA,15,"Seriola dumerili",126816,NA,"Count (Dmnless)",1,"Dmnless",8,2009
"106",215,"2009-08-14","32.836143_35.027246_6541","32.836143_35.027246_6541_20090814",NA,NA,15,"Sparus aurata",151523,NA,"Count (Dmnless)",1,"Dmnless",8,2009
"107",216,"2009-08-14","32.836143_35.027246_6541","32.836143_35.027246_6541_20090814",NA,NA,15,"Spicara smaris",126830,NA,"Count (Dmnless)",1,"Dmnless",8,2009
"108",217,"2009-08-14","32.836143_35.027246_6541","32.836143_35.027246_6541_20090814",NA,NA,15,"Trachurus indicus",218443,NA,"Count (Dmnless)",1,"Dmnless",8,2009
"109",218,"2009-08-14","32.836143_35.027246_6541","32.836143_35.027246_6541_20090814",NA,NA,15,"Trachurus mediterraneus",126820,NA,"Count (Dmnless)",4,"Dmnless",8,2009
"110",219,"2009-08-14","32.836143_35.027246_6541","32.836143_35.027246_6541_20090814",NA,NA,15,"Upeneus pori",273671,NA,"Count (Dmnless)",10,"Dmnless",8,2009
"111",220,"2010-08-04","32.836143_35.027246_6541","32.836143_35.027246_6541_20100804",NA,NA,16.5,"Alepes djedaba",126800,NA,"Count (Dmnless)",1,"Dmnless",8,2010
"112",221,"2010-08-04","32.836143_35.027246_6541","32.836143_35.027246_6541_20100804",NA,NA,16.5,"Boops boops",127047,NA,"Count (Dmnless)",4,"Dmnless",8,2010
"113",222,"2010-08-04","32.836143_35.027246_6541","32.836143_35.027246_6541_20100804",NA,NA,16.5,"Bothus podas",127129,NA,"Count (Dmnless)",1,"Dmnless",8,2010
"114",223,"2010-08-04","32.836143_35.027246_6541","32.836143_35.027246_6541_20100804",NA,NA,16.5,"Callionymus filamentosus",126791,NA,"Count (Dmnless)",4,"Dmnless",8,2010
"115",224,"2010-08-04","32.836143_35.027246_6541","32.836143_35.027246_6541_20100804",NA,NA,16.5,"Decapterus russelli",218427,NA,"Count (Dmnless)",61,"Dmnless",8,2010
"116",225,"2010-08-04","32.836143_35.027246_6541","32.836143_35.027246_6541_20100804",NA,NA,16.5,"Equulites klunzingeri",398518,NA,"Count (Dmnless)",37,"Dmnless",8,2010
"117",226,"2010-08-04","32.836143_35.027246_6541","32.836143_35.027246_6541_20100804",NA,NA,16.5,"Lagocephalus spadiceus",127415,NA,"Count (Dmnless)",16,"Dmnless",8,2010
"118",227,"2010-08-04","32.836143_35.027246_6541","32.836143_35.027246_6541_20100804",NA,NA,16.5,"Lagocephalus suezensis",275268,NA,"Count (Dmnless)",3,"Dmnless",8,2010
"119",228,"2010-08-04","32.836143_35.027246_6541","32.836143_35.027246_6541_20100804",NA,NA,16.5,"Lithognathus mormyrus",127055,NA,"Count (Dmnless)",4,"Dmnless",8,2010
"120",229,"2010-08-04","32.836143_35.027246_6541","32.836143_35.027246_6541_20100804",NA,NA,16.5,"Nemipterus randalli",218518,NA,"Count (Dmnless)",7,"Dmnless",8,2010
"121",230,"2010-08-04","32.836143_35.027246_6541","32.836143_35.027246_6541_20100804",NA,NA,16.5,"Pagrus caeruleostictus",127062,NA,"Count (Dmnless)",2,"Dmnless",8,2010
"122",231,"2010-08-04","32.836143_35.027246_6541","32.836143_35.027246_6541_20100804",NA,NA,16.5,"Plotosus lineatus",217659,NA,"Count (Dmnless)",48,"Dmnless",8,2010
"123",232,"2010-08-04","32.836143_35.027246_6541","32.836143_35.027246_6541_20100804",NA,NA,16.5,"Pomadasys stridens",126948,NA,"Count (Dmnless)",1,"Dmnless",8,2010
"124",233,"2010-08-04","32.836143_35.027246_6541","32.836143_35.027246_6541_20100804",NA,NA,16.5,"Sardinella aurita",126422,NA,"Count (Dmnless)",2,"Dmnless",8,2010
"125",234,"2010-08-04","32.836143_35.027246_6541","32.836143_35.027246_6541_20100804",NA,NA,16.5,"Saurida undosquamis",126371,NA,"Count (Dmnless)",2,"Dmnless",8,2010
"126",235,"2010-08-04","32.836143_35.027246_6541","32.836143_35.027246_6541_20100804",NA,NA,16.5,"Scomber japonicus",127022,NA,"Count (Dmnless)",38,"Dmnless",8,2010
"127",236,"2010-08-04","32.836143_35.027246_6541","32.836143_35.027246_6541_20100804",NA,NA,16.5,"Seriola dumerili",126816,NA,"Count (Dmnless)",13,"Dmnless",8,2010
"128",237,"2010-08-04","32.836143_35.027246_6541","32.836143_35.027246_6541_20100804",NA,NA,16.5,"Sillago sihama",127046,NA,"Count (Dmnless)",2,"Dmnless",8,2010
"129",238,"2010-08-04","32.836143_35.027246_6541","32.836143_35.027246_6541_20100804",NA,NA,16.5,"Sphyraena chrysotaenia",127067,NA,"Count (Dmnless)",1,"Dmnless",8,2010
"130",239,"2010-08-04","32.836143_35.027246_6541","32.836143_35.027246_6541_20100804",NA,NA,16.5,"Spicara flexuosum",1577318,NA,"Count (Dmnless)",1,"Dmnless",8,2010
"131",240,"2010-08-04","32.836143_35.027246_6541","32.836143_35.027246_6541_20100804",NA,NA,16.5,"Stephanolepis diaspros",127408,NA,"Count (Dmnless)",4,"Dmnless",8,2010
"132",241,"2010-08-04","32.836143_35.027246_6541","32.836143_35.027246_6541_20100804",NA,NA,16.5,"Trachurus trachurus",126822,NA,"Count (Dmnless)",1,"Dmnless",8,2010
"133",242,"2010-08-04","32.836143_35.027246_6541","32.836143_35.027246_6541_20100804",NA,NA,16.5,"Upeneus moluccensis",126989,NA,"Count (Dmnless)",1,"Dmnless",8,2010
"134",243,"2010-08-04","32.836143_35.027246_6541","32.836143_35.027246_6541_20100804",NA,NA,16.5,"Upeneus pori",273671,NA,"Count (Dmnless)",16,"Dmnless",8,2010
"135",244,"2012-06-22","32.836143_35.027246_6541","32.836143_35.027246_6541_20120622",NA,NA,16,"Bothus podas",127129,NA,"Count (Dmnless)",50,"Dmnless",6,2012
"136",245,"2012-06-22","32.836143_35.027246_6541","32.836143_35.027246_6541_20120622",NA,NA,16,"Callionymus filamentosus",126791,NA,"Count (Dmnless)",8,"Dmnless",6,2012
"137",246,"2012-06-22","32.836143_35.027246_6541","32.836143_35.027246_6541_20120622",NA,NA,16,"Ctenolabrus rupestris",126964,NA,"Count (Dmnless)",2,"Dmnless",6,2012
"138",247,"2012-06-22","32.836143_35.027246_6541","32.836143_35.027246_6541_20120622",NA,NA,16,"Dentex",126075,NA,"Count (Dmnless)",8,"Dmnless",6,2012
"139",248,"2012-06-22","32.836143_35.027246_6541","32.836143_35.027246_6541_20120622",NA,NA,16,"Equulites klunzingeri",398518,NA,"Count (Dmnless)",232,"Dmnless",6,2012
"140",249,"2012-06-22","32.836143_35.027246_6541","32.836143_35.027246_6541_20120622",NA,NA,16,"Lagocephalus suezensis",275268,NA,"Count (Dmnless)",6,"Dmnless",6,2012
"141",250,"2012-06-22","32.836143_35.027246_6541","32.836143_35.027246_6541_20120622",NA,NA,16,"Lithognathus mormyrus",127055,NA,"Count (Dmnless)",6,"Dmnless",6,2012
"142",251,"2012-06-22","32.836143_35.027246_6541","32.836143_35.027246_6541_20120622",NA,NA,16,"Nemipterus randalli",218518,NA,"Count (Dmnless)",24,"Dmnless",6,2012
"143",252,"2012-06-22","32.836143_35.027246_6541","32.836143_35.027246_6541_20120622",NA,NA,16,"Pagellus acarne",127057,NA,"Count (Dmnless)",21,"Dmnless",6,2012
"144",253,"2012-06-22","32.836143_35.027246_6541","32.836143_35.027246_6541_20120622",NA,NA,16,"Pagellus erythrinus",127060,NA,"Count (Dmnless)",7,"Dmnless",6,2012
"145",254,"2012-06-22","32.836143_35.027246_6541","32.836143_35.027246_6541_20120622",NA,NA,16,"Pomadasys stridens",126948,NA,"Count (Dmnless)",15,"Dmnless",6,2012
"146",255,"2012-06-22","32.836143_35.027246_6541","32.836143_35.027246_6541_20120622",NA,NA,16,"Sargocentron rubrum",126400,NA,"Count (Dmnless)",1,"Dmnless",6,2012
"147",256,"2012-06-22","32.836143_35.027246_6541","32.836143_35.027246_6541_20120622",NA,NA,16,"Saurida undosquamis",126371,NA,"Count (Dmnless)",14,"Dmnless",6,2012
"148",257,"2012-06-22","32.836143_35.027246_6541","32.836143_35.027246_6541_20120622",NA,NA,16,"Scomber japonicus",127022,NA,"Count (Dmnless)",8,"Dmnless",6,2012
"149",258,"2012-06-22","32.836143_35.027246_6541","32.836143_35.027246_6541_20120622",NA,NA,16,"Spicara flexuosum",1577318,NA,"Count (Dmnless)",7,"Dmnless",6,2012
"150",259,"2012-06-22","32.836143_35.027246_6541","32.836143_35.027246_6541_20120622",NA,NA,16,"Trachurus trachurus",126822,NA,"Count (Dmnless)",4,"Dmnless",6,2012
"151",260,"2012-06-22","32.836143_35.027246_6541","32.836143_35.027246_6541_20120622",NA,NA,16,"Upeneus moluccensis",126989,NA,"Count (Dmnless)",6,"Dmnless",6,2012
"152",261,"2012-06-22","32.836143_35.027246_6541","32.836143_35.027246_6541_20120622",NA,NA,16,"Upeneus pori",273671,NA,"Count (Dmnless)",48,"Dmnless",6,2012
"153",262,"2012-06-22","32.836143_35.027246_6541","32.836143_35.027246_6541_20120622",NA,NA,16,"Xyrichtys novacula",126971,NA,"Count (Dmnless)",1,"Dmnless",6,2012
"154",263,"1996-05-08","36.76_-2.27_5760","36.76_-2.27_5760_19960508",NA,NA,64,"Arnoglossus laterna",127126,NA,"Count (Dmnless)",1,"Dmnless",5,1996
"155",264,"1996-05-08","36.76_-2.27_5760","36.76_-2.27_5760_19960508",NA,NA,64,"Arnoglossus thori",127128,NA,"Count (Dmnless)",3,"Dmnless",5,1996
"156",265,"1996-05-08","36.76_-2.27_5760","36.76_-2.27_5760_19960508",NA,NA,64,"Boops boops",127047,NA,"Count (Dmnless)",5,"Dmnless",5,1996
"157",266,"1996-05-08","36.76_-2.27_5760","36.76_-2.27_5760_19960508",NA,NA,64,"Conger conger",126285,NA,"Count (Dmnless)",1,"Dmnless",5,1996
"158",267,"1996-05-08","36.76_-2.27_5760","36.76_-2.27_5760_19960508",NA,NA,64,"Deltentosteus quadrimaculatus",126880,NA,"Count (Dmnless)",3,"Dmnless",5,1996
"159",268,"1996-05-08","36.76_-2.27_5760","36.76_-2.27_5760_19960508",NA,NA,64,"Echelus myrus",126314,NA,"Count (Dmnless)",5,"Dmnless",5,1996
"160",269,"1996-05-08","36.76_-2.27_5760","36.76_-2.27_5760_19960508",NA,NA,64,"Lepidotrigla cavillone",127264,NA,"Count (Dmnless)",7,"Dmnless",5,1996
"161",270,"1996-05-08","36.76_-2.27_5760","36.76_-2.27_5760_19960508",NA,NA,64,"Lophius budegassa",126554,NA,"Count (Dmnless)",1,"Dmnless",5,1996
"162",271,"1996-05-08","36.76_-2.27_5760","36.76_-2.27_5760_19960508",NA,NA,64,"Merluccius merluccius",126484,NA,"Count (Dmnless)",4,"Dmnless",5,1996
"163",272,"1996-05-08","36.76_-2.27_5760","36.76_-2.27_5760_19960508",NA,NA,64,"Microchirus boscanion",274300,NA,"Count (Dmnless)",2,"Dmnless",5,1996
"164",273,"1996-05-08","36.76_-2.27_5760","36.76_-2.27_5760_19960508",NA,NA,64,"Microchirus variegatus",274304,NA,"Count (Dmnless)",1,"Dmnless",5,1996
"165",274,"1996-05-08","36.76_-2.27_5760","36.76_-2.27_5760_19960508",NA,NA,64,"Mullus barbatus",126985,NA,"Count (Dmnless)",75,"Dmnless",5,1996
"166",275,"1996-05-08","36.76_-2.27_5760","36.76_-2.27_5760_19960508",NA,NA,64,"Ophichthus rufus",126316,NA,"Count (Dmnless)",2,"Dmnless",5,1996
"167",276,"1996-05-08","36.76_-2.27_5760","36.76_-2.27_5760_19960508",NA,NA,64,"Pagellus acarne",127057,NA,"Count (Dmnless)",76,"Dmnless",5,1996
"168",277,"1996-05-08","36.76_-2.27_5760","36.76_-2.27_5760_19960508",NA,NA,64,"Pagellus erythrinus",127060,NA,"Count (Dmnless)",1,"Dmnless",5,1996
"169",278,"1996-05-08","36.76_-2.27_5760","36.76_-2.27_5760_19960508",NA,NA,64,"Pagrus pagrus",127063,NA,"Count (Dmnless)",1,"Dmnless",5,1996
"170",279,"1996-05-08","36.76_-2.27_5760","36.76_-2.27_5760_19960508",NA,NA,64,"Scorpaena notata",127246,NA,"Count (Dmnless)",3,"Dmnless",5,1996
"171",280,"1996-05-08","36.76_-2.27_5760","36.76_-2.27_5760_19960508",NA,NA,64,"Scyliorhinus canicula",105814,NA,"Count (Dmnless)",1,"Dmnless",5,1996
"172",281,"1996-05-08","36.76_-2.27_5760","36.76_-2.27_5760_19960508",NA,NA,64,"Serranus cabrilla",127041,NA,"Count (Dmnless)",18,"Dmnless",5,1996
"173",282,"1996-05-08","36.76_-2.27_5760","36.76_-2.27_5760_19960508",NA,NA,64,"Serranus hepatus",127042,NA,"Count (Dmnless)",62,"Dmnless",5,1996
"174",283,"1996-05-08","36.76_-2.27_5760","36.76_-2.27_5760_19960508",NA,NA,64,"Spicara smaris",126830,NA,"Count (Dmnless)",1,"Dmnless",5,1996
"175",284,"1996-05-08","36.76_-2.27_5760","36.76_-2.27_5760_19960508",NA,NA,64,"Trachinus draco",127082,NA,"Count (Dmnless)",1,"Dmnless",5,1996
"176",285,"1999-05-11","36.76_-2.27_5760","36.76_-2.27_5760_19990511",NA,NA,63,"Arnoglossus thori",127128,NA,"Count (Dmnless)",5,"Dmnless",5,1999
"177",286,"1999-05-11","36.76_-2.27_5760","36.76_-2.27_5760_19990511",NA,NA,63,"Boops boops",127047,NA,"Count (Dmnless)",5,"Dmnless",5,1999
"178",287,"1999-05-11","36.76_-2.27_5760","36.76_-2.27_5760_19990511",NA,NA,63,"Capros aper",127419,NA,"Count (Dmnless)",3,"Dmnless",5,1999
"179",288,"1999-05-11","36.76_-2.27_5760","36.76_-2.27_5760_19990511",NA,NA,63,"Crystallogobius linearis",126878,NA,"Count (Dmnless)",2,"Dmnless",5,1999
"180",289,"1999-05-11","36.76_-2.27_5760","36.76_-2.27_5760_19990511",NA,NA,63,"Deltentosteus quadrimaculatus",126880,NA,"Count (Dmnless)",6,"Dmnless",5,1999
"181",290,"1999-05-11","36.76_-2.27_5760","36.76_-2.27_5760_19990511",NA,NA,63,"Lepidotrigla cavillone",127264,NA,"Count (Dmnless)",11,"Dmnless",5,1999
"182",291,"1999-05-11","36.76_-2.27_5760","36.76_-2.27_5760_19990511",NA,NA,63,"Merluccius merluccius",126484,NA,"Count (Dmnless)",11,"Dmnless",5,1999
"183",292,"1999-05-11","36.76_-2.27_5760","36.76_-2.27_5760_19990511",NA,NA,63,"Microchirus variegatus",274304,NA,"Count (Dmnless)",1,"Dmnless",5,1999
"184",293,"1999-05-11","36.76_-2.27_5760","36.76_-2.27_5760_19990511",NA,NA,63,"Mullus barbatus",126985,NA,"Count (Dmnless)",42,"Dmnless",5,1999
"185",294,"1999-05-11","36.76_-2.27_5760","36.76_-2.27_5760_19990511",NA,NA,63,"Mullus surmuletus",126986,NA,"Count (Dmnless)",1,"Dmnless",5,1999
"186",295,"1999-05-11","36.76_-2.27_5760","36.76_-2.27_5760_19990511",NA,NA,63,"Ophichthus rufus",126316,NA,"Count (Dmnless)",13,"Dmnless",5,1999
"187",296,"1999-05-11","36.76_-2.27_5760","36.76_-2.27_5760_19990511",NA,NA,63,"Pagellus acarne",127057,NA,"Count (Dmnless)",29,"Dmnless",5,1999
"188",297,"1999-05-11","36.76_-2.27_5760","36.76_-2.27_5760_19990511",NA,NA,63,"Pomatoschistus marmoratus",126926,NA,"Count (Dmnless)",4,"Dmnless",5,1999
"189",298,"1999-05-11","36.76_-2.27_5760","36.76_-2.27_5760_19990511",NA,NA,63,"Serranus cabrilla",127041,NA,"Count (Dmnless)",3,"Dmnless",5,1999
"190",299,"1999-05-11","36.76_-2.27_5760","36.76_-2.27_5760_19990511",NA,NA,63,"Serranus hepatus",127042,NA,"Count (Dmnless)",8,"Dmnless",5,1999
"191",300,"1999-05-11","36.76_-2.27_5760","36.76_-2.27_5760_19990511",NA,NA,63,"Spicara flexuosum",1577318,NA,"Count (Dmnless)",4,"Dmnless",5,1999
"192",301,"1999-05-11","36.76_-2.27_5760","36.76_-2.27_5760_19990511",NA,NA,63,"Spicara smaris",126830,NA,"Count (Dmnless)",1,"Dmnless",5,1999
"193",302,"1999-05-11","36.76_-2.27_5760","36.76_-2.27_5760_19990511",NA,NA,63,"Trachurus trachurus",126822,NA,"Count (Dmnless)",6,"Dmnless",5,1999
"194",303,"2000-05-30","36.76_-2.27_5760","36.76_-2.27_5760_20000530",NA,NA,68,"Arnoglossus laterna",127126,NA,"Count (Dmnless)",1,"Dmnless",5,2000
"195",304,"2000-05-30","36.76_-2.27_5760","36.76_-2.27_5760_20000530",NA,NA,68,"Arnoglossus thori",127128,NA,"Count (Dmnless)",4,"Dmnless",5,2000
"196",305,"2000-05-30","36.76_-2.27_5760","36.76_-2.27_5760_20000530",NA,NA,68,"Bathysolea profundicola",127152,NA,"Count (Dmnless)",1,"Dmnless",5,2000
"197",306,"2000-05-30","36.76_-2.27_5760","36.76_-2.27_5760_20000530",NA,NA,68,"Boops boops",127047,NA,"Count (Dmnless)",73,"Dmnless",5,2000
"198",307,"2000-05-30","36.76_-2.27_5760","36.76_-2.27_5760_20000530",NA,NA,68,"Callionymus maculatus",126793,NA,"Count (Dmnless)",2,"Dmnless",5,2000
"199",308,"2000-05-30","36.76_-2.27_5760","36.76_-2.27_5760_20000530",NA,NA,68,"Cepola macrophthalma",126835,NA,"Count (Dmnless)",1,"Dmnless",5,2000
"200",309,"2000-05-30","36.76_-2.27_5760","36.76_-2.27_5760_20000530",NA,NA,68,"Chelidonichthys lucerna",127262,NA,"Count (Dmnless)",1,"Dmnless",5,2000
"201",310,"2000-05-30","36.76_-2.27_5760","36.76_-2.27_5760_20000530",NA,NA,68,"Deltentosteus quadrimaculatus",126880,NA,"Count (Dmnless)",43,"Dmnless",5,2000
"202",311,"2000-05-30","36.76_-2.27_5760","36.76_-2.27_5760_20000530",NA,NA,68,"Echelus myrus",126314,NA,"Count (Dmnless)",6,"Dmnless",5,2000
"203",312,"2000-05-30","36.76_-2.27_5760","36.76_-2.27_5760_20000530",NA,NA,68,"Gaidropsarus biscayensis",126452,NA,"Count (Dmnless)",1,"Dmnless",5,2000
"204",313,"2000-05-30","36.76_-2.27_5760","36.76_-2.27_5760_20000530",NA,NA,68,"Gobius niger",126892,NA,"Count (Dmnless)",1,"Dmnless",5,2000
"205",314,"2000-05-30","36.76_-2.27_5760","36.76_-2.27_5760_20000530",NA,NA,68,"Helicolenus dactylopterus",127251,NA,"Count (Dmnless)",1,"Dmnless",5,2000
"206",315,"2000-05-30","36.76_-2.27_5760","36.76_-2.27_5760_20000530",NA,NA,68,"Lophius budegassa",126554,NA,"Count (Dmnless)",1,"Dmnless",5,2000
"207",316,"2000-05-30","36.76_-2.27_5760","36.76_-2.27_5760_20000530",NA,NA,68,"Merluccius merluccius",126484,NA,"Count (Dmnless)",4,"Dmnless",5,2000
"208",317,"2000-05-30","36.76_-2.27_5760","36.76_-2.27_5760_20000530",NA,NA,68,"Microchirus variegatus",274304,NA,"Count (Dmnless)",1,"Dmnless",5,2000
"209",318,"2000-05-30","36.76_-2.27_5760","36.76_-2.27_5760_20000530",NA,NA,68,"Mullus barbatus",126985,NA,"Count (Dmnless)",35,"Dmnless",5,2000
"210",319,"2000-05-30","36.76_-2.27_5760","36.76_-2.27_5760_20000530",NA,NA,68,"Mullus surmuletus",126986,NA,"Count (Dmnless)",3,"Dmnless",5,2000
"211",320,"2000-05-30","36.76_-2.27_5760","36.76_-2.27_5760_20000530",NA,NA,68,"Ophichthus rufus",126316,NA,"Count (Dmnless)",2,"Dmnless",5,2000
"212",321,"2000-05-30","36.76_-2.27_5760","36.76_-2.27_5760_20000530",NA,NA,68,"Pagellus acarne",127057,NA,"Count (Dmnless)",47,"Dmnless",5,2000
"213",322,"2000-05-30","36.76_-2.27_5760","36.76_-2.27_5760_20000530",NA,NA,68,"Pagellus bogaraveo",127059,NA,"Count (Dmnless)",305,"Dmnless",5,2000
"214",323,"2000-05-30","36.76_-2.27_5760","36.76_-2.27_5760_20000530",NA,NA,68,"Raja montagui",105887,NA,"Count (Dmnless)",1,"Dmnless",5,2000
"215",324,"2000-05-30","36.76_-2.27_5760","36.76_-2.27_5760_20000530",NA,NA,68,"Scorpaena porcus",127247,NA,"Count (Dmnless)",1,"Dmnless",5,2000
"216",325,"2000-05-30","36.76_-2.27_5760","36.76_-2.27_5760_20000530",NA,NA,68,"Serranus cabrilla",127041,NA,"Count (Dmnless)",1,"Dmnless",5,2000
"217",326,"2000-05-30","36.76_-2.27_5760","36.76_-2.27_5760_20000530",NA,NA,68,"Serranus hepatus",127042,NA,"Count (Dmnless)",23,"Dmnless",5,2000
"218",327,"2000-05-30","36.76_-2.27_5760","36.76_-2.27_5760_20000530",NA,NA,68,"Spicara flexuosum",1577318,NA,"Count (Dmnless)",19,"Dmnless",5,2000
"219",328,"2000-05-30","36.76_-2.27_5760","36.76_-2.27_5760_20000530",NA,NA,68,"Spicara maena",126828,NA,"Count (Dmnless)",4,"Dmnless",5,2000
"220",329,"2000-05-30","36.76_-2.27_5760","36.76_-2.27_5760_20000530",NA,NA,68,"Spicara smaris",126830,NA,"Count (Dmnless)",4,"Dmnless",5,2000
"221",330,"2000-05-30","36.76_-2.27_5760","36.76_-2.27_5760_20000530",NA,NA,68,"Torpedo marmorata",271684,NA,"Count (Dmnless)",1,"Dmnless",5,2000
"222",331,"2000-05-30","36.76_-2.27_5760","36.76_-2.27_5760_20000530",NA,NA,68,"Trachurus mediterraneus",126820,NA,"Count (Dmnless)",21,"Dmnless",5,2000
"223",332,"2000-05-30","36.76_-2.27_5760","36.76_-2.27_5760_20000530",NA,NA,68,"Trachurus trachurus",126822,NA,"Count (Dmnless)",13,"Dmnless",5,2000
"224",333,"2003-05-01","36.76_-2.27_5760","36.76_-2.27_5760_20030501",NA,NA,62,"Arnoglossus thori",127128,NA,"Count (Dmnless)",1,"Dmnless",5,2003
"225",334,"2003-05-01","36.76_-2.27_5760","36.76_-2.27_5760_20030501",NA,NA,62,"Boops boops",127047,NA,"Count (Dmnless)",76,"Dmnless",5,2003
"226",335,"2003-05-01","36.76_-2.27_5760","36.76_-2.27_5760_20030501",NA,NA,62,"Carapus acus",126661,NA,"Count (Dmnless)",1,"Dmnless",5,2003
"227",336,"2003-05-01","36.76_-2.27_5760","36.76_-2.27_5760_20030501",NA,NA,62,"Deltentosteus quadrimaculatus",126880,NA,"Count (Dmnless)",4,"Dmnless",5,2003
"228",337,"2003-05-01","36.76_-2.27_5760","36.76_-2.27_5760_20030501",NA,NA,62,"Diplodus vulgaris",127054,NA,"Count (Dmnless)",2,"Dmnless",5,2003
"229",338,"2003-05-01","36.76_-2.27_5760","36.76_-2.27_5760_20030501",NA,NA,62,"Echelus myrus",126314,NA,"Count (Dmnless)",1,"Dmnless",5,2003
"230",339,"2003-05-01","36.76_-2.27_5760","36.76_-2.27_5760_20030501",NA,NA,62,"Lepidotrigla cavillone",127264,NA,"Count (Dmnless)",42,"Dmnless",5,2003
"231",340,"2003-05-01","36.76_-2.27_5760","36.76_-2.27_5760_20030501",NA,NA,62,"Lophius budegassa",126554,NA,"Count (Dmnless)",2,"Dmnless",5,2003
"232",341,"2003-05-01","36.76_-2.27_5760","36.76_-2.27_5760_20030501",NA,NA,62,"Merluccius merluccius",126484,NA,"Count (Dmnless)",4,"Dmnless",5,2003
"233",342,"2003-05-01","36.76_-2.27_5760","36.76_-2.27_5760_20030501",NA,NA,62,"Microchirus boscanion",274300,NA,"Count (Dmnless)",1,"Dmnless",5,2003
"234",343,"2003-05-01","36.76_-2.27_5760","36.76_-2.27_5760_20030501",NA,NA,62,"Microchirus variegatus",274304,NA,"Count (Dmnless)",1,"Dmnless",5,2003
"235",344,"2003-05-01","36.76_-2.27_5760","36.76_-2.27_5760_20030501",NA,NA,62,"Pagellus acarne",127057,NA,"Count (Dmnless)",984,"Dmnless",5,2003
"236",345,"2003-05-01","36.76_-2.27_5760","36.76_-2.27_5760_20030501",NA,NA,62,"Pagellus bogaraveo",127059,NA,"Count (Dmnless)",11,"Dmnless",5,2003
"237",346,"2003-05-01","36.76_-2.27_5760","36.76_-2.27_5760_20030501",NA,NA,62,"Pagellus erythrinus",127060,NA,"Count (Dmnless)",14,"Dmnless",5,2003
"238",347,"2003-05-01","36.76_-2.27_5760","36.76_-2.27_5760_20030501",NA,NA,62,"Pagrus pagrus",127063,NA,"Count (Dmnless)",3,"Dmnless",5,2003
"239",348,"2003-05-01","36.76_-2.27_5760","36.76_-2.27_5760_20030501",NA,NA,62,"Pomatoschistus microps",126927,NA,"Count (Dmnless)",7,"Dmnless",5,2003
"240",349,"2003-05-01","36.76_-2.27_5760","36.76_-2.27_5760_20030501",NA,NA,62,"Raja asterias",105881,NA,"Count (Dmnless)",2,"Dmnless",5,2003
"241",350,"2003-05-01","36.76_-2.27_5760","36.76_-2.27_5760_20030501",NA,NA,62,"Scyliorhinus canicula",105814,NA,"Count (Dmnless)",3,"Dmnless",5,2003
"242",351,"2003-05-01","36.76_-2.27_5760","36.76_-2.27_5760_20030501",NA,NA,62,"Serranus cabrilla",127041,NA,"Count (Dmnless)",6,"Dmnless",5,2003
"243",352,"2003-05-01","36.76_-2.27_5760","36.76_-2.27_5760_20030501",NA,NA,62,"Serranus hepatus",127042,NA,"Count (Dmnless)",30,"Dmnless",5,2003
"244",353,"2003-05-01","36.76_-2.27_5760","36.76_-2.27_5760_20030501",NA,NA,62,"Spicara flexuosum",1577318,NA,"Count (Dmnless)",10,"Dmnless",5,2003
"245",354,"2003-05-01","36.76_-2.27_5760","36.76_-2.27_5760_20030501",NA,NA,62,"Spicara smaris",126830,NA,"Count (Dmnless)",431,"Dmnless",5,2003
"246",355,"2003-05-01","36.76_-2.27_5760","36.76_-2.27_5760_20030501",NA,NA,62,"Symphurus nigrescens",127134,NA,"Count (Dmnless)",1,"Dmnless",5,2003
"247",356,"2003-05-01","36.76_-2.27_5760","36.76_-2.27_5760_20030501",NA,NA,62,"Trachurus picturatus",126821,NA,"Count (Dmnless)",7,"Dmnless",5,2003
"248",357,"2003-05-01","36.76_-2.27_5760","36.76_-2.27_5760_20030501",NA,NA,62,"Trachurus trachurus",126822,NA,"Count (Dmnless)",108,"Dmnless",5,2003
"249",358,"2003-05-01","36.76_-2.27_5760","36.76_-2.27_5760_20030501",NA,NA,62,"Zeus faber",127427,NA,"Count (Dmnless)",1,"Dmnless",5,2003
"250",359,"2004-05-11","36.76_-2.27_5760","36.76_-2.27_5760_20040511",NA,NA,65,"Arnoglossus laterna",127126,NA,"Count (Dmnless)",6,"Dmnless",5,2004
"251",360,"2004-05-11","36.76_-2.27_5760","36.76_-2.27_5760_20040511",NA,NA,65,"Blennius ocellaris",126761,NA,"Count (Dmnless)",1,"Dmnless",5,2004
"252",361,"2004-05-11","36.76_-2.27_5760","36.76_-2.27_5760_20040511",NA,NA,65,"Boops boops",127047,NA,"Count (Dmnless)",63,"Dmnless",5,2004
"253",362,"2004-05-11","36.76_-2.27_5760","36.76_-2.27_5760_20040511",NA,NA,65,"Callionymus maculatus",126793,NA,"Count (Dmnless)",1,"Dmnless",5,2004
"254",363,"2004-05-11","36.76_-2.27_5760","36.76_-2.27_5760_20040511",NA,NA,65,"Capros aper",127419,NA,"Count (Dmnless)",1,"Dmnless",5,2004
"255",364,"2004-05-11","36.76_-2.27_5760","36.76_-2.27_5760_20040511",NA,NA,65,"Cepola macrophthalma",126835,NA,"Count (Dmnless)",1,"Dmnless",5,2004
"256",365,"2004-05-11","36.76_-2.27_5760","36.76_-2.27_5760_20040511",NA,NA,65,"Deltentosteus quadrimaculatus",126880,NA,"Count (Dmnless)",9,"Dmnless",5,2004
"257",366,"2004-05-11","36.76_-2.27_5760","36.76_-2.27_5760_20040511",NA,NA,65,"Echelus myrus",126314,NA,"Count (Dmnless)",11,"Dmnless",5,2004
"258",367,"2004-05-11","36.76_-2.27_5760","36.76_-2.27_5760_20040511",NA,NA,65,"Lepidotrigla cavillone",127264,NA,"Count (Dmnless)",49,"Dmnless",5,2004
"259",368,"2004-05-11","36.76_-2.27_5760","36.76_-2.27_5760_20040511",NA,NA,65,"Merluccius merluccius",126484,NA,"Count (Dmnless)",17,"Dmnless",5,2004
"260",369,"2004-05-11","36.76_-2.27_5760","36.76_-2.27_5760_20040511",NA,NA,65,"Microchirus boscanion",274300,NA,"Count (Dmnless)",1,"Dmnless",5,2004
"261",370,"2004-05-11","36.76_-2.27_5760","36.76_-2.27_5760_20040511",NA,NA,65,"Mullus barbatus",126985,NA,"Count (Dmnless)",602,"Dmnless",5,2004
"262",371,"2004-05-11","36.76_-2.27_5760","36.76_-2.27_5760_20040511",NA,NA,65,"Mullus surmuletus",126986,NA,"Count (Dmnless)",1,"Dmnless",5,2004
"263",372,"2004-05-11","36.76_-2.27_5760","36.76_-2.27_5760_20040511",NA,NA,65,"Pagellus acarne",127057,NA,"Count (Dmnless)",370,"Dmnless",5,2004
"264",373,"2004-05-11","36.76_-2.27_5760","36.76_-2.27_5760_20040511",NA,NA,65,"Pagellus erythrinus",127060,NA,"Count (Dmnless)",60,"Dmnless",5,2004
"265",374,"2004-05-11","36.76_-2.27_5760","36.76_-2.27_5760_20040511",NA,NA,65,"Pagrus pagrus",127063,NA,"Count (Dmnless)",5,"Dmnless",5,2004
"266",375,"2004-05-11","36.76_-2.27_5760","36.76_-2.27_5760_20040511",NA,NA,65,"Scyliorhinus canicula",105814,NA,"Count (Dmnless)",3,"Dmnless",5,2004
"267",376,"2004-05-11","36.76_-2.27_5760","36.76_-2.27_5760_20040511",NA,NA,65,"Serranus hepatus",127042,NA,"Count (Dmnless)",58,"Dmnless",5,2004
"268",377,"2004-05-11","36.76_-2.27_5760","36.76_-2.27_5760_20040511",NA,NA,65,"Spicara flexuosum",1577318,NA,"Count (Dmnless)",15,"Dmnless",5,2004
"269",378,"2004-05-11","36.76_-2.27_5760","36.76_-2.27_5760_20040511",NA,NA,65,"Spicara smaris",126830,NA,"Count (Dmnless)",77,"Dmnless",5,2004
"270",379,"2004-05-11","36.76_-2.27_5760","36.76_-2.27_5760_20040511",NA,NA,65,"Torpedo marmorata",271684,NA,"Count (Dmnless)",1,"Dmnless",5,2004
"271",380,"2004-05-11","36.76_-2.27_5760","36.76_-2.27_5760_20040511",NA,NA,65,"Trachinus draco",127082,NA,"Count (Dmnless)",1,"Dmnless",5,2004
"272",381,"2004-05-11","36.76_-2.27_5760","36.76_-2.27_5760_20040511",NA,NA,65,"Trachurus mediterraneus",126820,NA,"Count (Dmnless)",4,"Dmnless",5,2004
"273",382,"2004-05-11","36.76_-2.27_5760","36.76_-2.27_5760_20040511",NA,NA,65,"Zeus faber",127427,NA,"Count (Dmnless)",2,"Dmnless",5,2004
"274",383,"2006-05-11","36.76_-2.27_5760","36.76_-2.27_5760_20060511",NA,NA,58,"Argyropelecus hemigymnus",127309,NA,"Count (Dmnless)",1,"Dmnless",5,2006
"275",384,"2006-05-11","36.76_-2.27_5760","36.76_-2.27_5760_20060511",NA,NA,58,"Arnoglossus laterna",127126,NA,"Count (Dmnless)",7,"Dmnless",5,2006
"276",385,"2006-05-11","36.76_-2.27_5760","36.76_-2.27_5760_20060511",NA,NA,58,"Arnoglossus thori",127128,NA,"Count (Dmnless)",3,"Dmnless",5,2006
"277",386,"2006-05-11","36.76_-2.27_5760","36.76_-2.27_5760_20060511",NA,NA,58,"Boops boops",127047,NA,"Count (Dmnless)",193,"Dmnless",5,2006
"278",387,"2006-05-11","36.76_-2.27_5760","36.76_-2.27_5760_20060511",NA,NA,58,"Capros aper",127419,NA,"Count (Dmnless)",3,"Dmnless",5,2006
"279",388,"2006-05-11","36.76_-2.27_5760","36.76_-2.27_5760_20060511",NA,NA,58,"Cepola macrophthalma",126835,NA,"Count (Dmnless)",1,"Dmnless",5,2006
"280",389,"2006-05-11","36.76_-2.27_5760","36.76_-2.27_5760_20060511",NA,NA,58,"Chelidonichthys obscurus",127263,NA,"Count (Dmnless)",1,"Dmnless",5,2006
"281",390,"2006-05-11","36.76_-2.27_5760","36.76_-2.27_5760_20060511",NA,NA,58,"Deltentosteus quadrimaculatus",126880,NA,"Count (Dmnless)",2,"Dmnless",5,2006
"282",391,"2006-05-11","36.76_-2.27_5760","36.76_-2.27_5760_20060511",NA,NA,58,"Diplodus vulgaris",127054,NA,"Count (Dmnless)",2,"Dmnless",5,2006
"283",392,"2006-05-11","36.76_-2.27_5760","36.76_-2.27_5760_20060511",NA,NA,58,"Echelus myrus",126314,NA,"Count (Dmnless)",3,"Dmnless",5,2006
"284",393,"2006-05-11","36.76_-2.27_5760","36.76_-2.27_5760_20060511",NA,NA,58,"Gnathophis mystax",126287,NA,"Count (Dmnless)",1,"Dmnless",5,2006
"285",394,"2006-05-11","36.76_-2.27_5760","36.76_-2.27_5760_20060511",NA,NA,58,"Helicolenus dactylopterus",127251,NA,"Count (Dmnless)",2,"Dmnless",5,2006
"286",395,"2006-05-11","36.76_-2.27_5760","36.76_-2.27_5760_20060511",NA,NA,58,"Lepidotrigla cavillone",127264,NA,"Count (Dmnless)",79,"Dmnless",5,2006
"287",396,"2006-05-11","36.76_-2.27_5760","36.76_-2.27_5760_20060511",NA,NA,58,"Lepidotrigla dieuzeidei",127265,NA,"Count (Dmnless)",1,"Dmnless",5,2006
"288",397,"2006-05-11","36.76_-2.27_5760","36.76_-2.27_5760_20060511",NA,NA,58,"Lophius budegassa",126554,NA,"Count (Dmnless)",1,"Dmnless",5,2006
"289",398,"2006-05-11","36.76_-2.27_5760","36.76_-2.27_5760_20060511",NA,NA,58,"Merluccius merluccius",126484,NA,"Count (Dmnless)",5,"Dmnless",5,2006
"290",399,"2006-05-11","36.76_-2.27_5760","36.76_-2.27_5760_20060511",NA,NA,58,"Microchirus boscanion",274300,NA,"Count (Dmnless)",4,"Dmnless",5,2006
"291",400,"2006-05-11","36.76_-2.27_5760","36.76_-2.27_5760_20060511",NA,NA,58,"Mullus barbatus",126985,NA,"Count (Dmnless)",1173,"Dmnless",5,2006
"292",401,"2006-05-11","36.76_-2.27_5760","36.76_-2.27_5760_20060511",NA,NA,58,"Mullus surmuletus",126986,NA,"Count (Dmnless)",18,"Dmnless",5,2006
"293",402,"2006-05-11","36.76_-2.27_5760","36.76_-2.27_5760_20060511",NA,NA,58,"Ophichthus rufus",126316,NA,"Count (Dmnless)",4,"Dmnless",5,2006
"294",403,"2006-05-11","36.76_-2.27_5760","36.76_-2.27_5760_20060511",NA,NA,58,"Ophidion barbatum",126675,NA,"Count (Dmnless)",1,"Dmnless",5,2006
"295",404,"2006-05-11","36.76_-2.27_5760","36.76_-2.27_5760_20060511",NA,NA,58,"Pagellus acarne",127057,NA,"Count (Dmnless)",738,"Dmnless",5,2006
"296",405,"2006-05-11","36.76_-2.27_5760","36.76_-2.27_5760_20060511",NA,NA,58,"Pagellus bogaraveo",127059,NA,"Count (Dmnless)",9,"Dmnless",5,2006
"297",406,"2006-05-11","36.76_-2.27_5760","36.76_-2.27_5760_20060511",NA,NA,58,"Pagellus erythrinus",127060,NA,"Count (Dmnless)",19,"Dmnless",5,2006
"298",407,"2006-05-11","36.76_-2.27_5760","36.76_-2.27_5760_20060511",NA,NA,58,"Pagrus pagrus",127063,NA,"Count (Dmnless)",10,"Dmnless",5,2006
"299",408,"2006-05-11","36.76_-2.27_5760","36.76_-2.27_5760_20060511",NA,NA,58,"Scyliorhinus canicula",105814,NA,"Count (Dmnless)",4,"Dmnless",5,2006
"300",409,"2006-05-11","36.76_-2.27_5760","36.76_-2.27_5760_20060511",NA,NA,58,"Serranus cabrilla",127041,NA,"Count (Dmnless)",6,"Dmnless",5,2006
"301",410,"2006-05-11","36.76_-2.27_5760","36.76_-2.27_5760_20060511",NA,NA,58,"Serranus hepatus",127042,NA,"Count (Dmnless)",11,"Dmnless",5,2006
"302",411,"2006-05-11","36.76_-2.27_5760","36.76_-2.27_5760_20060511",NA,NA,58,"Spicara flexuosum",1577318,NA,"Count (Dmnless)",453,"Dmnless",5,2006
"303",412,"2006-05-11","36.76_-2.27_5760","36.76_-2.27_5760_20060511",NA,NA,58,"Spicara smaris",126830,NA,"Count (Dmnless)",180,"Dmnless",5,2006
"304",413,"2006-05-11","36.76_-2.27_5760","36.76_-2.27_5760_20060511",NA,NA,58,"Spondyliosoma cantharus",127066,NA,"Count (Dmnless)",1,"Dmnless",5,2006
"305",414,"2006-05-11","36.76_-2.27_5760","36.76_-2.27_5760_20060511",NA,NA,58,"Trachinus draco",127082,NA,"Count (Dmnless)",3,"Dmnless",5,2006
"306",415,"2006-05-11","36.76_-2.27_5760","36.76_-2.27_5760_20060511",NA,NA,58,"Trachurus mediterraneus",126820,NA,"Count (Dmnless)",50,"Dmnless",5,2006
"307",416,"2006-05-11","36.76_-2.27_5760","36.76_-2.27_5760_20060511",NA,NA,58,"Trachurus picturatus",126821,NA,"Count (Dmnless)",4,"Dmnless",5,2006
"308",417,"2006-05-11","36.76_-2.27_5760","36.76_-2.27_5760_20060511",NA,NA,58,"Trachurus trachurus",126822,NA,"Count (Dmnless)",4,"Dmnless",5,2006
"309",418,"2006-05-11","36.76_-2.27_5760","36.76_-2.27_5760_20060511",NA,NA,58,"Zeus faber",127427,NA,"Count (Dmnless)",1,"Dmnless",5,2006
"310",419,"2007-05-25","36.76_-2.27_5760","36.76_-2.27_5760_20070525",NA,NA,53,"Arnoglossus imperialis",127124,NA,"Count (Dmnless)",1,"Dmnless",5,2007
"311",420,"2007-05-25","36.76_-2.27_5760","36.76_-2.27_5760_20070525",NA,NA,53,"Arnoglossus laterna",127126,NA,"Count (Dmnless)",6,"Dmnless",5,2007
"312",421,"2007-05-25","36.76_-2.27_5760","36.76_-2.27_5760_20070525",NA,NA,53,"Arnoglossus thori",127128,NA,"Count (Dmnless)",4,"Dmnless",5,2007
"313",422,"2007-05-25","36.76_-2.27_5760","36.76_-2.27_5760_20070525",NA,NA,53,"Boops boops",127047,NA,"Count (Dmnless)",79,"Dmnless",5,2007
"314",423,"2007-05-25","36.76_-2.27_5760","36.76_-2.27_5760_20070525",NA,NA,53,"Capros aper",127419,NA,"Count (Dmnless)",10,"Dmnless",5,2007
"315",424,"2007-05-25","36.76_-2.27_5760","36.76_-2.27_5760_20070525",NA,NA,53,"Chelidonichthys lastoviza",127261,NA,"Count (Dmnless)",2,"Dmnless",5,2007
"316",425,"2007-05-25","36.76_-2.27_5760","36.76_-2.27_5760_20070525",NA,NA,53,"Chelidonichthys obscurus",127263,NA,"Count (Dmnless)",2,"Dmnless",5,2007
"317",426,"2007-05-25","36.76_-2.27_5760","36.76_-2.27_5760_20070525",NA,NA,53,"Conger conger",126285,NA,"Count (Dmnless)",2,"Dmnless",5,2007
"318",427,"2007-05-25","36.76_-2.27_5760","36.76_-2.27_5760_20070525",NA,NA,53,"Echelus myrus",126314,NA,"Count (Dmnless)",1,"Dmnless",5,2007
"319",428,"2007-05-25","36.76_-2.27_5760","36.76_-2.27_5760_20070525",NA,NA,53,"Gadiculus argenteus",126435,NA,"Count (Dmnless)",1,"Dmnless",5,2007
"320",429,"2007-05-25","36.76_-2.27_5760","36.76_-2.27_5760_20070525",NA,NA,53,"Lepidopus caudatus",127088,NA,"Count (Dmnless)",1,"Dmnless",5,2007
"321",430,"2007-05-25","36.76_-2.27_5760","36.76_-2.27_5760_20070525",NA,NA,53,"Lepidotrigla cavillone",127264,NA,"Count (Dmnless)",31,"Dmnless",5,2007
"322",431,"2007-05-25","36.76_-2.27_5760","36.76_-2.27_5760_20070525",NA,NA,53,"Lophius budegassa",126554,NA,"Count (Dmnless)",2,"Dmnless",5,2007
"323",432,"2007-05-25","36.76_-2.27_5760","36.76_-2.27_5760_20070525",NA,NA,53,"Merluccius merluccius",126484,NA,"Count (Dmnless)",2,"Dmnless",5,2007
"324",433,"2007-05-25","36.76_-2.27_5760","36.76_-2.27_5760_20070525",NA,NA,53,"Mullus barbatus",126985,NA,"Count (Dmnless)",428,"Dmnless",5,2007
"325",434,"2007-05-25","36.76_-2.27_5760","36.76_-2.27_5760_20070525",NA,NA,53,"Mullus surmuletus",126986,NA,"Count (Dmnless)",2,"Dmnless",5,2007
"326",435,"2007-05-25","36.76_-2.27_5760","36.76_-2.27_5760_20070525",NA,NA,53,"Pagellus acarne",127057,NA,"Count (Dmnless)",553,"Dmnless",5,2007
"327",436,"2007-05-25","36.76_-2.27_5760","36.76_-2.27_5760_20070525",NA,NA,53,"Pagellus erythrinus",127060,NA,"Count (Dmnless)",6,"Dmnless",5,2007
"328",437,"2007-05-25","36.76_-2.27_5760","36.76_-2.27_5760_20070525",NA,NA,53,"Pagrus pagrus",127063,NA,"Count (Dmnless)",1,"Dmnless",5,2007
"329",438,"2007-05-25","36.76_-2.27_5760","36.76_-2.27_5760_20070525",NA,NA,53,"Peristedion cataphractum",127233,NA,"Count (Dmnless)",6,"Dmnless",5,2007
"330",439,"2007-05-25","36.76_-2.27_5760","36.76_-2.27_5760_20070525",NA,NA,53,"Raja asterias",105881,NA,"Count (Dmnless)",1,"Dmnless",5,2007
"331",440,"2007-05-25","36.76_-2.27_5760","36.76_-2.27_5760_20070525",NA,NA,53,"Sardina pilchardus",126421,NA,"Count (Dmnless)",12,"Dmnless",5,2007
"332",441,"2007-05-25","36.76_-2.27_5760","36.76_-2.27_5760_20070525",NA,NA,53,"Sardinella aurita",126422,NA,"Count (Dmnless)",1,"Dmnless",5,2007
"333",442,"2007-05-25","36.76_-2.27_5760","36.76_-2.27_5760_20070525",NA,NA,53,"Scorpaena porcus",127247,NA,"Count (Dmnless)",1,"Dmnless",5,2007
"334",443,"2007-05-25","36.76_-2.27_5760","36.76_-2.27_5760_20070525",NA,NA,53,"Scyliorhinus canicula",105814,NA,"Count (Dmnless)",4,"Dmnless",5,2007
"335",444,"2007-05-25","36.76_-2.27_5760","36.76_-2.27_5760_20070525",NA,NA,53,"Serranus cabrilla",127041,NA,"Count (Dmnless)",6,"Dmnless",5,2007
"336",445,"2007-05-25","36.76_-2.27_5760","36.76_-2.27_5760_20070525",NA,NA,53,"Serranus hepatus",127042,NA,"Count (Dmnless)",11,"Dmnless",5,2007
"337",446,"2007-05-25","36.76_-2.27_5760","36.76_-2.27_5760_20070525",NA,NA,53,"Spicara maena",126828,NA,"Count (Dmnless)",397,"Dmnless",5,2007
"338",447,"2007-05-25","36.76_-2.27_5760","36.76_-2.27_5760_20070525",NA,NA,53,"Spicara smaris",126830,NA,"Count (Dmnless)",71,"Dmnless",5,2007
"339",448,"2007-05-25","36.76_-2.27_5760","36.76_-2.27_5760_20070525",NA,NA,53,"Synchiropus phaeton",126798,NA,"Count (Dmnless)",8,"Dmnless",5,2007
"340",449,"2007-05-25","36.76_-2.27_5760","36.76_-2.27_5760_20070525",NA,NA,53,"Trachurus mediterraneus",126820,NA,"Count (Dmnless)",37,"Dmnless",5,2007
"341",450,"2007-05-25","36.76_-2.27_5760","36.76_-2.27_5760_20070525",NA,NA,53,"Trachurus trachurus",126822,NA,"Count (Dmnless)",1,"Dmnless",5,2007
"342",451,"2007-05-25","36.76_-2.27_5760","36.76_-2.27_5760_20070525",NA,NA,53,"Zeus faber",127427,NA,"Count (Dmnless)",3,"Dmnless",5,2007
"343",452,"2009-04-12","36.76_-2.27_5760","36.76_-2.27_5760_20090412",NA,NA,64.25,"Arnoglossus laterna",127126,NA,"Count (Dmnless)",24,"Dmnless",4,2009
"344",453,"2009-04-12","36.76_-2.27_5760","36.76_-2.27_5760_20090412",NA,NA,64.25,"Arnoglossus thori",127128,NA,"Count (Dmnless)",28,"Dmnless",4,2009
"345",454,"2009-04-12","36.76_-2.27_5760","36.76_-2.27_5760_20090412",NA,NA,64.25,"Boops boops",127047,NA,"Count (Dmnless)",362,"Dmnless",4,2009
"346",455,"2009-04-12","36.76_-2.27_5760","36.76_-2.27_5760_20090412",NA,NA,64.25,"Citharus linguatula",127130,NA,"Count (Dmnless)",1,"Dmnless",4,2009
"347",456,"2009-04-12","36.76_-2.27_5760","36.76_-2.27_5760_20090412",NA,NA,64.25,"Deltentosteus quadrimaculatus",126880,NA,"Count (Dmnless)",1,"Dmnless",4,2009
"348",457,"2009-04-12","36.76_-2.27_5760","36.76_-2.27_5760_20090412",NA,NA,64.25,"Diplodus vulgaris",127054,NA,"Count (Dmnless)",9,"Dmnless",4,2009
"349",458,"2009-04-12","36.76_-2.27_5760","36.76_-2.27_5760_20090412",NA,NA,64.25,"Echelus myrus",126314,NA,"Count (Dmnless)",2,"Dmnless",4,2009
"350",459,"2009-04-12","36.76_-2.27_5760","36.76_-2.27_5760_20090412",NA,NA,64.25,"Lepidotrigla cavillone",127264,NA,"Count (Dmnless)",12,"Dmnless",4,2009
"351",460,"2009-04-12","36.76_-2.27_5760","36.76_-2.27_5760_20090412",NA,NA,64.25,"Lepidotrigla dieuzeidei",127265,NA,"Count (Dmnless)",3,"Dmnless",4,2009
"352",461,"2009-04-12","36.76_-2.27_5760","36.76_-2.27_5760_20090412",NA,NA,64.25,"Lophius budegassa",126554,NA,"Count (Dmnless)",1,"Dmnless",4,2009
"353",462,"2009-04-12","36.76_-2.27_5760","36.76_-2.27_5760_20090412",NA,NA,64.25,"Merluccius merluccius",126484,NA,"Count (Dmnless)",8,"Dmnless",4,2009
"354",463,"2009-04-12","36.76_-2.27_5760","36.76_-2.27_5760_20090412",NA,NA,64.25,"Microchirus boscanion",274300,NA,"Count (Dmnless)",5,"Dmnless",4,2009
"355",464,"2009-04-12","36.76_-2.27_5760","36.76_-2.27_5760_20090412",NA,NA,64.25,"Mullus barbatus",126985,NA,"Count (Dmnless)",688,"Dmnless",4,2009
"356",465,"2009-04-12","36.76_-2.27_5760","36.76_-2.27_5760_20090412",NA,NA,64.25,"Mullus surmuletus",126986,NA,"Count (Dmnless)",5,"Dmnless",4,2009
"357",466,"2009-04-12","36.76_-2.27_5760","36.76_-2.27_5760_20090412",NA,NA,64.25,"Pagellus acarne",127057,NA,"Count (Dmnless)",514,"Dmnless",4,2009
"358",467,"2009-04-12","36.76_-2.27_5760","36.76_-2.27_5760_20090412",NA,NA,64.25,"Pagellus bogaraveo",127059,NA,"Count (Dmnless)",245,"Dmnless",4,2009
"359",468,"2009-04-12","36.76_-2.27_5760","36.76_-2.27_5760_20090412",NA,NA,64.25,"Pagellus erythrinus",127060,NA,"Count (Dmnless)",6,"Dmnless",4,2009
"360",469,"2009-04-12","36.76_-2.27_5760","36.76_-2.27_5760_20090412",NA,NA,64.25,"Pagrus pagrus",127063,NA,"Count (Dmnless)",10,"Dmnless",4,2009
"361",470,"2009-04-12","36.76_-2.27_5760","36.76_-2.27_5760_20090412",NA,NA,64.25,"Pteroplatytrygon violacea",158540,NA,"Count (Dmnless)",1,"Dmnless",4,2009
"362",471,"2009-04-12","36.76_-2.27_5760","36.76_-2.27_5760_20090412",NA,NA,64.25,"Sardina pilchardus",126421,NA,"Count (Dmnless)",25,"Dmnless",4,2009
"363",472,"2009-04-12","36.76_-2.27_5760","36.76_-2.27_5760_20090412",NA,NA,64.25,"Scomber scombrus",127023,NA,"Count (Dmnless)",8,"Dmnless",4,2009
"364",473,"2009-04-12","36.76_-2.27_5760","36.76_-2.27_5760_20090412",NA,NA,64.25,"Scorpaena notata",127246,NA,"Count (Dmnless)",1,"Dmnless",4,2009
"365",474,"2009-04-12","36.76_-2.27_5760","36.76_-2.27_5760_20090412",NA,NA,64.25,"Serranus cabrilla",127041,NA,"Count (Dmnless)",34,"Dmnless",4,2009
"366",475,"2009-04-12","36.76_-2.27_5760","36.76_-2.27_5760_20090412",NA,NA,64.25,"Serranus hepatus",127042,NA,"Count (Dmnless)",14,"Dmnless",4,2009
"367",476,"2009-04-12","36.76_-2.27_5760","36.76_-2.27_5760_20090412",NA,NA,64.25,"Spicara flexuosum",1577318,NA,"Count (Dmnless)",40,"Dmnless",4,2009
"368",477,"2009-04-12","36.76_-2.27_5760","36.76_-2.27_5760_20090412",NA,NA,64.25,"Spicara smaris",126830,NA,"Count (Dmnless)",47,"Dmnless",4,2009
"369",478,"2009-04-12","36.76_-2.27_5760","36.76_-2.27_5760_20090412",NA,NA,64.25,"Trachurus mediterraneus",126820,NA,"Count (Dmnless)",229,"Dmnless",4,2009
"370",479,"2009-04-12","36.76_-2.27_5760","36.76_-2.27_5760_20090412",NA,NA,64.25,"Trachurus trachurus",126822,NA,"Count (Dmnless)",24,"Dmnless",4,2009
"371",480,"2009-04-12","36.76_-2.27_5760","36.76_-2.27_5760_20090412",NA,NA,64.25,"Zeus faber",127427,NA,"Count (Dmnless)",1,"Dmnless",4,2009
"372",481,"1997-05-21","37.93_-0.57_5760","37.93_-0.57_5760_19970521",NA,NA,76,"Anthias anthias",127031,NA,"Count (Dmnless)",10,"Dmnless",5,1997
"373",482,"1997-05-21","37.93_-0.57_5760","37.93_-0.57_5760_19970521",NA,NA,76,"Aphia minuta",126868,NA,"Count (Dmnless)",58,"Dmnless",5,1997
"374",483,"1997-05-21","37.93_-0.57_5760","37.93_-0.57_5760_19970521",NA,NA,76,"Arnoglossus laterna",127126,NA,"Count (Dmnless)",1,"Dmnless",5,1997
"375",484,"1997-05-21","37.93_-0.57_5760","37.93_-0.57_5760_19970521",NA,NA,76,"Blennius ocellaris",126761,NA,"Count (Dmnless)",1,"Dmnless",5,1997
"376",485,"1997-05-21","37.93_-0.57_5760","37.93_-0.57_5760_19970521",NA,NA,76,"Boops boops",127047,NA,"Count (Dmnless)",166,"Dmnless",5,1997
"377",486,"1997-05-21","37.93_-0.57_5760","37.93_-0.57_5760_19970521",NA,NA,76,"Callionymus maculatus",126793,NA,"Count (Dmnless)",1,"Dmnless",5,1997
"378",487,"1997-05-21","37.93_-0.57_5760","37.93_-0.57_5760_19970521",NA,NA,76,"Capros aper",127419,NA,"Count (Dmnless)",33,"Dmnless",5,1997
"379",488,"1997-05-21","37.93_-0.57_5760","37.93_-0.57_5760_19970521",NA,NA,76,"Cepola macrophthalma",126835,NA,"Count (Dmnless)",128,"Dmnless",5,1997
"380",489,"1997-05-21","37.93_-0.57_5760","37.93_-0.57_5760_19970521",NA,NA,76,"Chelidonichthys cuculus",127259,NA,"Count (Dmnless)",1,"Dmnless",5,1997
"381",490,"1997-05-21","37.93_-0.57_5760","37.93_-0.57_5760_19970521",NA,NA,76,"Citharus linguatula",127130,NA,"Count (Dmnless)",4,"Dmnless",5,1997
"382",491,"1997-05-21","37.93_-0.57_5760","37.93_-0.57_5760_19970521",NA,NA,76,"Conger conger",126285,NA,"Count (Dmnless)",2,"Dmnless",5,1997
"383",492,"1997-05-21","37.93_-0.57_5760","37.93_-0.57_5760_19970521",NA,NA,76,"Deltentosteus quadrimaculatus",126880,NA,"Count (Dmnless)",1,"Dmnless",5,1997
"384",493,"1997-05-21","37.93_-0.57_5760","37.93_-0.57_5760_19970521",NA,NA,76,"Diplodus vulgaris",127054,NA,"Count (Dmnless)",2,"Dmnless",5,1997
"385",494,"1997-05-21","37.93_-0.57_5760","37.93_-0.57_5760_19970521",NA,NA,76,"Lepidotrigla cavillone",127264,NA,"Count (Dmnless)",135,"Dmnless",5,1997
"386",495,"1997-05-21","37.93_-0.57_5760","37.93_-0.57_5760_19970521",NA,NA,76,"Lophius budegassa",126554,NA,"Count (Dmnless)",4,"Dmnless",5,1997
"387",496,"1997-05-21","37.93_-0.57_5760","37.93_-0.57_5760_19970521",NA,NA,76,"Merluccius merluccius",126484,NA,"Count (Dmnless)",4,"Dmnless",5,1997
"388",497,"1997-05-21","37.93_-0.57_5760","37.93_-0.57_5760_19970521",NA,NA,76,"Mullus barbatus",126985,NA,"Count (Dmnless)",31,"Dmnless",5,1997
"389",498,"1997-05-21","37.93_-0.57_5760","37.93_-0.57_5760_19970521",NA,NA,76,"Pagellus acarne",127057,NA,"Count (Dmnless)",4,"Dmnless",5,1997
"390",499,"1997-05-21","37.93_-0.57_5760","37.93_-0.57_5760_19970521",NA,NA,76,"Pagellus bogaraveo",127059,NA,"Count (Dmnless)",52,"Dmnless",5,1997
"391",500,"1997-05-21","37.93_-0.57_5760","37.93_-0.57_5760_19970521",NA,NA,76,"Pagrus pagrus",127063,NA,"Count (Dmnless)",2,"Dmnless",5,1997
"392",501,"1997-05-21","37.93_-0.57_5760","37.93_-0.57_5760_19970521",NA,NA,76,"Sardina pilchardus",126421,NA,"Count (Dmnless)",7,"Dmnless",5,1997
"393",502,"1997-05-21","37.93_-0.57_5760","37.93_-0.57_5760_19970521",NA,NA,76,"Scorpaena notata",127246,NA,"Count (Dmnless)",83,"Dmnless",5,1997
"394",503,"1997-05-21","37.93_-0.57_5760","37.93_-0.57_5760_19970521",NA,NA,76,"Scyliorhinus canicula",105814,NA,"Count (Dmnless)",1,"Dmnless",5,1997
"395",504,"1997-05-21","37.93_-0.57_5760","37.93_-0.57_5760_19970521",NA,NA,76,"Serranus cabrilla",127041,NA,"Count (Dmnless)",52,"Dmnless",5,1997
"396",505,"1997-05-21","37.93_-0.57_5760","37.93_-0.57_5760_19970521",NA,NA,76,"Serranus hepatus",127042,NA,"Count (Dmnless)",142,"Dmnless",5,1997
"397",506,"1997-05-21","37.93_-0.57_5760","37.93_-0.57_5760_19970521",NA,NA,76,"Spicara flexuosum",1577318,NA,"Count (Dmnless)",13,"Dmnless",5,1997
"398",507,"1997-05-21","37.93_-0.57_5760","37.93_-0.57_5760_19970521",NA,NA,76,"Torpedo marmorata",271684,NA,"Count (Dmnless)",2,"Dmnless",5,1997
"399",508,"1997-05-21","37.93_-0.57_5760","37.93_-0.57_5760_19970521",NA,NA,76,"Trachinus draco",127082,NA,"Count (Dmnless)",1,"Dmnless",5,1997
"400",509,"1997-05-21","37.93_-0.57_5760","37.93_-0.57_5760_19970521",NA,NA,76,"Trachurus mediterraneus",126820,NA,"Count (Dmnless)",12,"Dmnless",5,1997
"401",510,"1997-05-21","37.93_-0.57_5760","37.93_-0.57_5760_19970521",NA,NA,76,"Trachurus trachurus",126822,NA,"Count (Dmnless)",3,"Dmnless",5,1997
"402",511,"1997-05-21","37.93_-0.57_5760","37.93_-0.57_5760_19970521",NA,NA,76,"Trisopterus minutus",126446,NA,"Count (Dmnless)",428,"Dmnless",5,1997
"403",512,"1997-05-21","37.93_-0.57_5760","37.93_-0.57_5760_19970521",NA,NA,76,"Uranoscopus scaber",127093,NA,"Count (Dmnless)",2,"Dmnless",5,1997
"404",513,"1997-05-21","37.93_-0.57_5760","37.93_-0.57_5760_19970521",NA,NA,76,"Zeus faber",127427,NA,"Count (Dmnless)",2,"Dmnless",5,1997
"405",514,"1998-05-17","37.93_-0.57_5760","37.93_-0.57_5760_19980517",NA,NA,74,"Arnoglossus laterna",127126,NA,"Count (Dmnless)",1,"Dmnless",5,1998
"406",515,"1998-05-17","37.93_-0.57_5760","37.93_-0.57_5760_19980517",NA,NA,74,"Boops boops",127047,NA,"Count (Dmnless)",990,"Dmnless",5,1998
"407",516,"1998-05-17","37.93_-0.57_5760","37.93_-0.57_5760_19980517",NA,NA,74,"Cepola macrophthalma",126835,NA,"Count (Dmnless)",17,"Dmnless",5,1998
"408",517,"1998-05-17","37.93_-0.57_5760","37.93_-0.57_5760_19980517",NA,NA,74,"Citharus linguatula",127130,NA,"Count (Dmnless)",4,"Dmnless",5,1998
"409",518,"1998-05-17","37.93_-0.57_5760","37.93_-0.57_5760_19980517",NA,NA,74,"Conger conger",126285,NA,"Count (Dmnless)",1,"Dmnless",5,1998
"410",519,"1998-05-17","37.93_-0.57_5760","37.93_-0.57_5760_19980517",NA,NA,74,"Deltentosteus quadrimaculatus",126880,NA,"Count (Dmnless)",4,"Dmnless",5,1998
"411",520,"1998-05-17","37.93_-0.57_5760","37.93_-0.57_5760_19980517",NA,NA,74,"Dentex maroccanus",273966,NA,"Count (Dmnless)",1,"Dmnless",5,1998
"412",521,"1998-05-17","37.93_-0.57_5760","37.93_-0.57_5760_19980517",NA,NA,74,"Engraulis encrasicolus",126426,NA,"Count (Dmnless)",7,"Dmnless",5,1998
"413",522,"1998-05-17","37.93_-0.57_5760","37.93_-0.57_5760_19980517",NA,NA,74,"Gobius niger",126892,NA,"Count (Dmnless)",1,"Dmnless",5,1998
"414",523,"1998-05-17","37.93_-0.57_5760","37.93_-0.57_5760_19980517",NA,NA,74,"Lepidotrigla cavillone",127264,NA,"Count (Dmnless)",44,"Dmnless",5,1998
"415",524,"1998-05-17","37.93_-0.57_5760","37.93_-0.57_5760_19980517",NA,NA,74,"Merluccius merluccius",126484,NA,"Count (Dmnless)",20,"Dmnless",5,1998
"416",525,"1998-05-17","37.93_-0.57_5760","37.93_-0.57_5760_19980517",NA,NA,74,"Mullus barbatus",126985,NA,"Count (Dmnless)",44,"Dmnless",5,1998
"417",526,"1998-05-17","37.93_-0.57_5760","37.93_-0.57_5760_19980517",NA,NA,74,"Mullus surmuletus",126986,NA,"Count (Dmnless)",1,"Dmnless",5,1998
"418",527,"1998-05-17","37.93_-0.57_5760","37.93_-0.57_5760_19980517",NA,NA,74,"Ophichthus rufus",126316,NA,"Count (Dmnless)",1,"Dmnless",5,1998
"419",528,"1998-05-17","37.93_-0.57_5760","37.93_-0.57_5760_19980517",NA,NA,74,"Pagellus acarne",127057,NA,"Count (Dmnless)",60,"Dmnless",5,1998
"420",529,"1998-05-17","37.93_-0.57_5760","37.93_-0.57_5760_19980517",NA,NA,74,"Pagellus bogaraveo",127059,NA,"Count (Dmnless)",52,"Dmnless",5,1998
"421",530,"1998-05-17","37.93_-0.57_5760","37.93_-0.57_5760_19980517",NA,NA,74,"Pagellus erythrinus",127060,NA,"Count (Dmnless)",10,"Dmnless",5,1998
"422",531,"1998-05-17","37.93_-0.57_5760","37.93_-0.57_5760_19980517",NA,NA,74,"Pagrus pagrus",127063,NA,"Count (Dmnless)",1,"Dmnless",5,1998
"423",532,"1998-05-17","37.93_-0.57_5760","37.93_-0.57_5760_19980517",NA,NA,74,"Sardina pilchardus",126421,NA,"Count (Dmnless)",133,"Dmnless",5,1998
"424",533,"1998-05-17","37.93_-0.57_5760","37.93_-0.57_5760_19980517",NA,NA,74,"Sardinella aurita",126422,NA,"Count (Dmnless)",2,"Dmnless",5,1998
"425",534,"1998-05-17","37.93_-0.57_5760","37.93_-0.57_5760_19980517",NA,NA,74,"Scomber scombrus",127023,NA,"Count (Dmnless)",2,"Dmnless",5,1998
"426",535,"1998-05-17","37.93_-0.57_5760","37.93_-0.57_5760_19980517",NA,NA,74,"Scorpaena notata",127246,NA,"Count (Dmnless)",31,"Dmnless",5,1998
"427",536,"1998-05-17","37.93_-0.57_5760","37.93_-0.57_5760_19980517",NA,NA,74,"Serranus cabrilla",127041,NA,"Count (Dmnless)",6,"Dmnless",5,1998
"428",537,"1998-05-17","37.93_-0.57_5760","37.93_-0.57_5760_19980517",NA,NA,74,"Serranus hepatus",127042,NA,"Count (Dmnless)",49,"Dmnless",5,1998
"429",538,"1998-05-17","37.93_-0.57_5760","37.93_-0.57_5760_19980517",NA,NA,74,"Spicara flexuosum",1577318,NA,"Count (Dmnless)",67,"Dmnless",5,1998
"430",539,"1998-05-17","37.93_-0.57_5760","37.93_-0.57_5760_19980517",NA,NA,74,"Spicara smaris",126830,NA,"Count (Dmnless)",1,"Dmnless",5,1998
"431",540,"1998-05-17","37.93_-0.57_5760","37.93_-0.57_5760_19980517",NA,NA,74,"Symphurus nigrescens",127134,NA,"Count (Dmnless)",1,"Dmnless",5,1998
"432",541,"1998-05-17","37.93_-0.57_5760","37.93_-0.57_5760_19980517",NA,NA,74,"Torpedo marmorata",271684,NA,"Count (Dmnless)",1,"Dmnless",5,1998
"433",542,"1998-05-17","37.93_-0.57_5760","37.93_-0.57_5760_19980517",NA,NA,74,"Trachinus draco",127082,NA,"Count (Dmnless)",1,"Dmnless",5,1998
"434",543,"1998-05-17","37.93_-0.57_5760","37.93_-0.57_5760_19980517",NA,NA,74,"Trachurus mediterraneus",126820,NA,"Count (Dmnless)",477,"Dmnless",5,1998
"435",544,"1998-05-17","37.93_-0.57_5760","37.93_-0.57_5760_19980517",NA,NA,74,"Trachurus trachurus",126822,NA,"Count (Dmnless)",55,"Dmnless",5,1998
"436",545,"1998-05-17","37.93_-0.57_5760","37.93_-0.57_5760_19980517",NA,NA,74,"Trisopterus minutus",126446,NA,"Count (Dmnless)",27,"Dmnless",5,1998
"437",546,"1998-05-17","37.93_-0.57_5760","37.93_-0.57_5760_19980517",NA,NA,74,"Uranoscopus scaber",127093,NA,"Count (Dmnless)",1,"Dmnless",5,1998
"438",547,"2001-05-24","37.93_-0.57_5760","37.93_-0.57_5760_20010524",NA,NA,73,"Arnoglossus laterna",127126,NA,"Count (Dmnless)",2,"Dmnless",5,2001
"439",548,"2001-05-24","37.93_-0.57_5760","37.93_-0.57_5760_20010524",NA,NA,73,"Boops boops",127047,NA,"Count (Dmnless)",1795,"Dmnless",5,2001
"440",549,"2001-05-24","37.93_-0.57_5760","37.93_-0.57_5760_20010524",NA,NA,73,"Capros aper",127419,NA,"Count (Dmnless)",7,"Dmnless",5,2001
"441",550,"2001-05-24","37.93_-0.57_5760","37.93_-0.57_5760_20010524",NA,NA,73,"Cepola macrophthalma",126835,NA,"Count (Dmnless)",52,"Dmnless",5,2001
"442",551,"2001-05-24","37.93_-0.57_5760","37.93_-0.57_5760_20010524",NA,NA,73,"Chelidonichthys lastoviza",127261,NA,"Count (Dmnless)",1,"Dmnless",5,2001
"443",552,"2001-05-24","37.93_-0.57_5760","37.93_-0.57_5760_20010524",NA,NA,73,"Citharus linguatula",127130,NA,"Count (Dmnless)",2,"Dmnless",5,2001
"444",553,"2001-05-24","37.93_-0.57_5760","37.93_-0.57_5760_20010524",NA,NA,73,"Conger conger",126285,NA,"Count (Dmnless)",2,"Dmnless",5,2001
"445",554,"2001-05-24","37.93_-0.57_5760","37.93_-0.57_5760_20010524",NA,NA,73,"Deltentosteus quadrimaculatus",126880,NA,"Count (Dmnless)",5,"Dmnless",5,2001
"446",555,"2001-05-24","37.93_-0.57_5760","37.93_-0.57_5760_20010524",NA,NA,73,"Diplodus vulgaris",127054,NA,"Count (Dmnless)",1,"Dmnless",5,2001
"447",556,"2001-05-24","37.93_-0.57_5760","37.93_-0.57_5760_20010524",NA,NA,73,"Lepidotrigla cavillone",127264,NA,"Count (Dmnless)",33,"Dmnless",5,2001
"448",557,"2001-05-24","37.93_-0.57_5760","37.93_-0.57_5760_20010524",NA,NA,73,"Lophius budegassa",126554,NA,"Count (Dmnless)",2,"Dmnless",5,2001
"449",558,"2001-05-24","37.93_-0.57_5760","37.93_-0.57_5760_20010524",NA,NA,73,"Merluccius merluccius",126484,NA,"Count (Dmnless)",19,"Dmnless",5,2001
"450",559,"2001-05-24","37.93_-0.57_5760","37.93_-0.57_5760_20010524",NA,NA,73,"Mullus barbatus",126985,NA,"Count (Dmnless)",39,"Dmnless",5,2001
"451",560,"2001-05-24","37.93_-0.57_5760","37.93_-0.57_5760_20010524",NA,NA,73,"Mullus surmuletus",126986,NA,"Count (Dmnless)",10,"Dmnless",5,2001
"452",561,"2001-05-24","37.93_-0.57_5760","37.93_-0.57_5760_20010524",NA,NA,73,"Pagellus acarne",127057,NA,"Count (Dmnless)",27,"Dmnless",5,2001
"453",562,"2001-05-24","37.93_-0.57_5760","37.93_-0.57_5760_20010524",NA,NA,73,"Pagellus bogaraveo",127059,NA,"Count (Dmnless)",70,"Dmnless",5,2001
"454",563,"2001-05-24","37.93_-0.57_5760","37.93_-0.57_5760_20010524",NA,NA,73,"Pagellus erythrinus",127060,NA,"Count (Dmnless)",2,"Dmnless",5,2001
"455",564,"2001-05-24","37.93_-0.57_5760","37.93_-0.57_5760_20010524",NA,NA,73,"Pagrus pagrus",127063,NA,"Count (Dmnless)",1,"Dmnless",5,2001
"456",565,"2001-05-24","37.93_-0.57_5760","37.93_-0.57_5760_20010524",NA,NA,73,"Sardinella aurita",126422,NA,"Count (Dmnless)",1,"Dmnless",5,2001
"457",566,"2001-05-24","37.93_-0.57_5760","37.93_-0.57_5760_20010524",NA,NA,73,"Scorpaena notata",127246,NA,"Count (Dmnless)",32,"Dmnless",5,2001
"458",567,"2001-05-24","37.93_-0.57_5760","37.93_-0.57_5760_20010524",NA,NA,73,"Scorpaena porcus",127247,NA,"Count (Dmnless)",1,"Dmnless",5,2001
"459",568,"2001-05-24","37.93_-0.57_5760","37.93_-0.57_5760_20010524",NA,NA,73,"Scyliorhinus canicula",105814,NA,"Count (Dmnless)",1,"Dmnless",5,2001
"460",569,"2001-05-24","37.93_-0.57_5760","37.93_-0.57_5760_20010524",NA,NA,73,"Serranus cabrilla",127041,NA,"Count (Dmnless)",10,"Dmnless",5,2001
"461",570,"2001-05-24","37.93_-0.57_5760","37.93_-0.57_5760_20010524",NA,NA,73,"Serranus hepatus",127042,NA,"Count (Dmnless)",86,"Dmnless",5,2001
"462",571,"2001-05-24","37.93_-0.57_5760","37.93_-0.57_5760_20010524",NA,NA,73,"Spicara flexuosum",1577318,NA,"Count (Dmnless)",123,"Dmnless",5,2001
"463",572,"2001-05-24","37.93_-0.57_5760","37.93_-0.57_5760_20010524",NA,NA,73,"Spicara smaris",126830,NA,"Count (Dmnless)",44,"Dmnless",5,2001
"464",573,"2001-05-24","37.93_-0.57_5760","37.93_-0.57_5760_20010524",NA,NA,73,"Torpedo marmorata",271684,NA,"Count (Dmnless)",1,"Dmnless",5,2001
"465",574,"2001-05-24","37.93_-0.57_5760","37.93_-0.57_5760_20010524",NA,NA,73,"Trachinus draco",127082,NA,"Count (Dmnless)",2,"Dmnless",5,2001
"466",575,"2001-05-24","37.93_-0.57_5760","37.93_-0.57_5760_20010524",NA,NA,73,"Trachurus mediterraneus",126820,NA,"Count (Dmnless)",127,"Dmnless",5,2001
"467",576,"2001-05-24","37.93_-0.57_5760","37.93_-0.57_5760_20010524",NA,NA,73,"Trachurus trachurus",126822,NA,"Count (Dmnless)",8,"Dmnless",5,2001
"468",577,"2001-05-24","37.93_-0.57_5760","37.93_-0.57_5760_20010524",NA,NA,73,"Trisopterus minutus",126446,NA,"Count (Dmnless)",3,"Dmnless",5,2001
"469",578,"2001-05-24","37.93_-0.57_5760","37.93_-0.57_5760_20010524",NA,NA,73,"Uranoscopus scaber",127093,NA,"Count (Dmnless)",3,"Dmnless",5,2001
"470",579,"2001-05-24","37.93_-0.57_5760","37.93_-0.57_5760_20010524",NA,NA,73,"Zeus faber",127427,NA,"Count (Dmnless)",5,"Dmnless",5,2001
"471",580,"2002-05-24","37.93_-0.57_5760","37.93_-0.57_5760_20020524",NA,NA,70,"Aphia minuta",126868,NA,"Count (Dmnless)",224,"Dmnless",5,2002
"472",581,"2002-05-24","37.93_-0.57_5760","37.93_-0.57_5760_20020524",NA,NA,70,"Arnoglossus laterna",127126,NA,"Count (Dmnless)",1,"Dmnless",5,2002
"473",582,"2002-05-24","37.93_-0.57_5760","37.93_-0.57_5760_20020524",NA,NA,70,"Boops boops",127047,NA,"Count (Dmnless)",128,"Dmnless",5,2002
"474",583,"2002-05-24","37.93_-0.57_5760","37.93_-0.57_5760_20020524",NA,NA,70,"Cepola macrophthalma",126835,NA,"Count (Dmnless)",9,"Dmnless",5,2002
"475",584,"2002-05-24","37.93_-0.57_5760","37.93_-0.57_5760_20020524",NA,NA,70,"Diplodus vulgaris",127054,NA,"Count (Dmnless)",1,"Dmnless",5,2002
"476",585,"2002-05-24","37.93_-0.57_5760","37.93_-0.57_5760_20020524",NA,NA,70,"Engraulis encrasicolus",126426,NA,"Count (Dmnless)",184,"Dmnless",5,2002
"477",586,"2002-05-24","37.93_-0.57_5760","37.93_-0.57_5760_20020524",NA,NA,70,"Lepidotrigla cavillone",127264,NA,"Count (Dmnless)",46,"Dmnless",5,2002
"478",587,"2002-05-24","37.93_-0.57_5760","37.93_-0.57_5760_20020524",NA,NA,70,"Lophius budegassa",126554,NA,"Count (Dmnless)",1,"Dmnless",5,2002
"479",588,"2002-05-24","37.93_-0.57_5760","37.93_-0.57_5760_20020524",NA,NA,70,"Merluccius merluccius",126484,NA,"Count (Dmnless)",29,"Dmnless",5,2002
"480",589,"2002-05-24","37.93_-0.57_5760","37.93_-0.57_5760_20020524",NA,NA,70,"Mullus barbatus",126985,NA,"Count (Dmnless)",48,"Dmnless",5,2002
"481",590,"2002-05-24","37.93_-0.57_5760","37.93_-0.57_5760_20020524",NA,NA,70,"Mullus surmuletus",126986,NA,"Count (Dmnless)",1,"Dmnless",5,2002
"482",591,"2002-05-24","37.93_-0.57_5760","37.93_-0.57_5760_20020524",NA,NA,70,"Ophichthus rufus",126316,NA,"Count (Dmnless)",2,"Dmnless",5,2002
"483",592,"2002-05-24","37.93_-0.57_5760","37.93_-0.57_5760_20020524",NA,NA,70,"Pagellus acarne",127057,NA,"Count (Dmnless)",8,"Dmnless",5,2002
"484",593,"2002-05-24","37.93_-0.57_5760","37.93_-0.57_5760_20020524",NA,NA,70,"Pagellus bogaraveo",127059,NA,"Count (Dmnless)",51,"Dmnless",5,2002
"485",594,"2002-05-24","37.93_-0.57_5760","37.93_-0.57_5760_20020524",NA,NA,70,"Pagellus erythrinus",127060,NA,"Count (Dmnless)",3,"Dmnless",5,2002
"486",595,"2002-05-24","37.93_-0.57_5760","37.93_-0.57_5760_20020524",NA,NA,70,"Pagrus pagrus",127063,NA,"Count (Dmnless)",1,"Dmnless",5,2002
"487",596,"2002-05-24","37.93_-0.57_5760","37.93_-0.57_5760_20020524",NA,NA,70,"Sardina pilchardus",126421,NA,"Count (Dmnless)",8,"Dmnless",5,2002
"488",597,"2002-05-24","37.93_-0.57_5760","37.93_-0.57_5760_20020524",NA,NA,70,"Scorpaena notata",127246,NA,"Count (Dmnless)",66,"Dmnless",5,2002
"489",598,"2002-05-24","37.93_-0.57_5760","37.93_-0.57_5760_20020524",NA,NA,70,"Scyliorhinus canicula",105814,NA,"Count (Dmnless)",4,"Dmnless",5,2002
"490",599,"2002-05-24","37.93_-0.57_5760","37.93_-0.57_5760_20020524",NA,NA,70,"Serranus cabrilla",127041,NA,"Count (Dmnless)",15,"Dmnless",5,2002
"491",600,"2002-05-24","37.93_-0.57_5760","37.93_-0.57_5760_20020524",NA,NA,70,"Serranus hepatus",127042,NA,"Count (Dmnless)",127,"Dmnless",5,2002
"492",601,"2002-05-24","37.93_-0.57_5760","37.93_-0.57_5760_20020524",NA,NA,70,"Spicara flexuosum",1577318,NA,"Count (Dmnless)",56,"Dmnless",5,2002
"493",602,"2002-05-24","37.93_-0.57_5760","37.93_-0.57_5760_20020524",NA,NA,70,"Spicara smaris",126830,NA,"Count (Dmnless)",33,"Dmnless",5,2002
"494",603,"2002-05-24","37.93_-0.57_5760","37.93_-0.57_5760_20020524",NA,NA,70,"Torpedo marmorata",271684,NA,"Count (Dmnless)",1,"Dmnless",5,2002
"495",604,"2002-05-24","37.93_-0.57_5760","37.93_-0.57_5760_20020524",NA,NA,70,"Trachurus mediterraneus",126820,NA,"Count (Dmnless)",33,"Dmnless",5,2002
"496",605,"2002-05-24","37.93_-0.57_5760","37.93_-0.57_5760_20020524",NA,NA,70,"Trachurus trachurus",126822,NA,"Count (Dmnless)",2,"Dmnless",5,2002
"497",606,"2002-05-24","37.93_-0.57_5760","37.93_-0.57_5760_20020524",NA,NA,70,"Trisopterus minutus",126446,NA,"Count (Dmnless)",5,"Dmnless",5,2002
"498",607,"2002-05-24","37.93_-0.57_5760","37.93_-0.57_5760_20020524",NA,NA,70,"Uranoscopus scaber",127093,NA,"Count (Dmnless)",1,"Dmnless",5,2002
"499",608,"2003-05-04","37.93_-0.57_5760","37.93_-0.57_5760_20030504",NA,NA,75,"Aphia minuta",126868,NA,"Count (Dmnless)",2,"Dmnless",5,2003
"500",609,"2003-05-04","37.93_-0.57_5760","37.93_-0.57_5760_20030504",NA,NA,75,"Boops boops",127047,NA,"Count (Dmnless)",64,"Dmnless",5,2003
"501",610,"2003-05-04","37.93_-0.57_5760","37.93_-0.57_5760_20030504",NA,NA,75,"Cepola macrophthalma",126835,NA,"Count (Dmnless)",1,"Dmnless",5,2003
"502",611,"2003-05-04","37.93_-0.57_5760","37.93_-0.57_5760_20030504",NA,NA,75,"Chelidonichthys lastoviza",127261,NA,"Count (Dmnless)",3,"Dmnless",5,2003
"503",612,"2003-05-04","37.93_-0.57_5760","37.93_-0.57_5760_20030504",NA,NA,75,"Citharus linguatula",127130,NA,"Count (Dmnless)",3,"Dmnless",5,2003
"504",613,"2003-05-04","37.93_-0.57_5760","37.93_-0.57_5760_20030504",NA,NA,75,"Diplodus vulgaris",127054,NA,"Count (Dmnless)",5,"Dmnless",5,2003
"505",614,"2003-05-04","37.93_-0.57_5760","37.93_-0.57_5760_20030504",NA,NA,75,"Lepidotrigla cavillone",127264,NA,"Count (Dmnless)",15,"Dmnless",5,2003
"506",615,"2003-05-04","37.93_-0.57_5760","37.93_-0.57_5760_20030504",NA,NA,75,"Lophius budegassa",126554,NA,"Count (Dmnless)",1,"Dmnless",5,2003
"507",616,"2003-05-04","37.93_-0.57_5760","37.93_-0.57_5760_20030504",NA,NA,75,"Merluccius merluccius",126484,NA,"Count (Dmnless)",2,"Dmnless",5,2003
"508",617,"2003-05-04","37.93_-0.57_5760","37.93_-0.57_5760_20030504",NA,NA,75,"Mullus barbatus",126985,NA,"Count (Dmnless)",59,"Dmnless",5,2003
"509",618,"2003-05-04","37.93_-0.57_5760","37.93_-0.57_5760_20030504",NA,NA,75,"Mullus surmuletus",126986,NA,"Count (Dmnless)",1,"Dmnless",5,2003
"510",619,"2003-05-04","37.93_-0.57_5760","37.93_-0.57_5760_20030504",NA,NA,75,"Pagellus acarne",127057,NA,"Count (Dmnless)",3,"Dmnless",5,2003
"511",620,"2003-05-04","37.93_-0.57_5760","37.93_-0.57_5760_20030504",NA,NA,75,"Pagellus bogaraveo",127059,NA,"Count (Dmnless)",15,"Dmnless",5,2003
"512",621,"2003-05-04","37.93_-0.57_5760","37.93_-0.57_5760_20030504",NA,NA,75,"Pagellus erythrinus",127060,NA,"Count (Dmnless)",3,"Dmnless",5,2003
"513",622,"2003-05-04","37.93_-0.57_5760","37.93_-0.57_5760_20030504",NA,NA,75,"Pagrus pagrus",127063,NA,"Count (Dmnless)",3,"Dmnless",5,2003
"514",623,"2003-05-04","37.93_-0.57_5760","37.93_-0.57_5760_20030504",NA,NA,75,"Scorpaena notata",127246,NA,"Count (Dmnless)",22,"Dmnless",5,2003
"515",624,"2003-05-04","37.93_-0.57_5760","37.93_-0.57_5760_20030504",NA,NA,75,"Scyliorhinus canicula",105814,NA,"Count (Dmnless)",2,"Dmnless",5,2003
"516",625,"2003-05-04","37.93_-0.57_5760","37.93_-0.57_5760_20030504",NA,NA,75,"Serranus cabrilla",127041,NA,"Count (Dmnless)",1,"Dmnless",5,2003
"517",626,"2003-05-04","37.93_-0.57_5760","37.93_-0.57_5760_20030504",NA,NA,75,"Serranus hepatus",127042,NA,"Count (Dmnless)",11,"Dmnless",5,2003
"518",627,"2003-05-04","37.93_-0.57_5760","37.93_-0.57_5760_20030504",NA,NA,75,"Spicara flexuosum",1577318,NA,"Count (Dmnless)",19,"Dmnless",5,2003
"519",628,"2003-05-04","37.93_-0.57_5760","37.93_-0.57_5760_20030504",NA,NA,75,"Trachurus mediterraneus",126820,NA,"Count (Dmnless)",20,"Dmnless",5,2003
"520",629,"2003-05-04","37.93_-0.57_5760","37.93_-0.57_5760_20030504",NA,NA,75,"Trachurus trachurus",126822,NA,"Count (Dmnless)",3,"Dmnless",5,2003
"521",630,"2003-05-04","37.93_-0.57_5760","37.93_-0.57_5760_20030504",NA,NA,75,"Uranoscopus scaber",127093,NA,"Count (Dmnless)",2,"Dmnless",5,2003
"522",631,"2003-05-04","37.93_-0.57_5760","37.93_-0.57_5760_20030504",NA,NA,75,"Zeus faber",127427,NA,"Count (Dmnless)",1,"Dmnless",5,2003
"523",632,"2005-05-18","37.93_-0.57_5760","37.93_-0.57_5760_20050518",NA,NA,76,"Boops boops",127047,NA,"Count (Dmnless)",68,"Dmnless",5,2005
"524",633,"2005-05-18","37.93_-0.57_5760","37.93_-0.57_5760_20050518",NA,NA,76,"Capros aper",127419,NA,"Count (Dmnless)",1,"Dmnless",5,2005
"525",634,"2005-05-18","37.93_-0.57_5760","37.93_-0.57_5760_20050518",NA,NA,76,"Cepola macrophthalma",126835,NA,"Count (Dmnless)",35,"Dmnless",5,2005
"526",635,"2005-05-18","37.93_-0.57_5760","37.93_-0.57_5760_20050518",NA,NA,76,"Citharus linguatula",127130,NA,"Count (Dmnless)",1,"Dmnless",5,2005
"527",636,"2005-05-18","37.93_-0.57_5760","37.93_-0.57_5760_20050518",NA,NA,76,"Conger conger",126285,NA,"Count (Dmnless)",2,"Dmnless",5,2005
"528",637,"2005-05-18","37.93_-0.57_5760","37.93_-0.57_5760_20050518",NA,NA,76,"Crystallogobius linearis",126878,NA,"Count (Dmnless)",54,"Dmnless",5,2005
"529",638,"2005-05-18","37.93_-0.57_5760","37.93_-0.57_5760_20050518",NA,NA,76,"Engraulis encrasicolus",126426,NA,"Count (Dmnless)",1,"Dmnless",5,2005
"530",639,"2005-05-18","37.93_-0.57_5760","37.93_-0.57_5760_20050518",NA,NA,76,"Gobius niger",126892,NA,"Count (Dmnless)",1,"Dmnless",5,2005
"531",640,"2005-05-18","37.93_-0.57_5760","37.93_-0.57_5760_20050518",NA,NA,76,"Lepidotrigla cavillone",127264,NA,"Count (Dmnless)",6,"Dmnless",5,2005
"532",641,"2005-05-18","37.93_-0.57_5760","37.93_-0.57_5760_20050518",NA,NA,76,"Lophius piscatorius",126555,NA,"Count (Dmnless)",1,"Dmnless",5,2005
"533",642,"2005-05-18","37.93_-0.57_5760","37.93_-0.57_5760_20050518",NA,NA,76,"Merluccius merluccius",126484,NA,"Count (Dmnless)",15,"Dmnless",5,2005
"534",643,"2005-05-18","37.93_-0.57_5760","37.93_-0.57_5760_20050518",NA,NA,76,"Mullus barbatus",126985,NA,"Count (Dmnless)",7,"Dmnless",5,2005
"535",644,"2005-05-18","37.93_-0.57_5760","37.93_-0.57_5760_20050518",NA,NA,76,"Mullus surmuletus",126986,NA,"Count (Dmnless)",1,"Dmnless",5,2005
"536",645,"2005-05-18","37.93_-0.57_5760","37.93_-0.57_5760_20050518",NA,NA,76,"Ophichthus rufus",126316,NA,"Count (Dmnless)",2,"Dmnless",5,2005
"537",646,"2005-05-18","37.93_-0.57_5760","37.93_-0.57_5760_20050518",NA,NA,76,"Pagellus acarne",127057,NA,"Count (Dmnless)",1,"Dmnless",5,2005
"538",647,"2005-05-18","37.93_-0.57_5760","37.93_-0.57_5760_20050518",NA,NA,76,"Pagellus erythrinus",127060,NA,"Count (Dmnless)",2,"Dmnless",5,2005
"539",648,"2005-05-18","37.93_-0.57_5760","37.93_-0.57_5760_20050518",NA,NA,76,"Pagrus pagrus",127063,NA,"Count (Dmnless)",1,"Dmnless",5,2005
"540",649,"2005-05-18","37.93_-0.57_5760","37.93_-0.57_5760_20050518",NA,NA,76,"Sardina pilchardus",126421,NA,"Count (Dmnless)",11,"Dmnless",5,2005
"541",650,"2005-05-18","37.93_-0.57_5760","37.93_-0.57_5760_20050518",NA,NA,76,"Sardinella aurita",126422,NA,"Count (Dmnless)",1,"Dmnless",5,2005
"542",651,"2005-05-18","37.93_-0.57_5760","37.93_-0.57_5760_20050518",NA,NA,76,"Scorpaena porcus",127247,NA,"Count (Dmnless)",1,"Dmnless",5,2005
"543",652,"2005-05-18","37.93_-0.57_5760","37.93_-0.57_5760_20050518",NA,NA,76,"Scyliorhinus canicula",105814,NA,"Count (Dmnless)",6,"Dmnless",5,2005
"544",653,"2005-05-18","37.93_-0.57_5760","37.93_-0.57_5760_20050518",NA,NA,76,"Serranus hepatus",127042,NA,"Count (Dmnless)",9,"Dmnless",5,2005
"545",654,"2005-05-18","37.93_-0.57_5760","37.93_-0.57_5760_20050518",NA,NA,76,"Spicara flexuosum",1577318,NA,"Count (Dmnless)",39,"Dmnless",5,2005
"546",655,"2005-05-18","37.93_-0.57_5760","37.93_-0.57_5760_20050518",NA,NA,76,"Spicara smaris",126830,NA,"Count (Dmnless)",347,"Dmnless",5,2005
"547",656,"2005-05-18","37.93_-0.57_5760","37.93_-0.57_5760_20050518",NA,NA,76,"Torpedo marmorata",271684,NA,"Count (Dmnless)",3,"Dmnless",5,2005
"548",657,"2005-05-18","37.93_-0.57_5760","37.93_-0.57_5760_20050518",NA,NA,76,"Trachinus draco",127082,NA,"Count (Dmnless)",1,"Dmnless",5,2005
"549",658,"2005-05-18","37.93_-0.57_5760","37.93_-0.57_5760_20050518",NA,NA,76,"Trachurus mediterraneus",126820,NA,"Count (Dmnless)",5,"Dmnless",5,2005
"550",659,"2005-05-18","37.93_-0.57_5760","37.93_-0.57_5760_20050518",NA,NA,76,"Trachurus trachurus",126822,NA,"Count (Dmnless)",6,"Dmnless",5,2005
"551",660,"2005-05-18","37.93_-0.57_5760","37.93_-0.57_5760_20050518",NA,NA,76,"Uranoscopus scaber",127093,NA,"Count (Dmnless)",3,"Dmnless",5,2005
"552",661,"2005-05-18","37.93_-0.57_5760","37.93_-0.57_5760_20050518",NA,NA,76,"Zeus faber",127427,NA,"Count (Dmnless)",3,"Dmnless",5,2005
"553",662,"2006-06-11","37.93_-0.57_5760","37.93_-0.57_5760_20060611",NA,NA,71,"Aphia minuta",126868,NA,"Count (Dmnless)",44,"Dmnless",6,2006
"554",663,"2006-06-11","37.93_-0.57_5760","37.93_-0.57_5760_20060611",NA,NA,71,"Arnoglossus laterna",127126,NA,"Count (Dmnless)",5,"Dmnless",6,2006
"555",664,"2006-06-11","37.93_-0.57_5760","37.93_-0.57_5760_20060611",NA,NA,71,"Boops boops",127047,NA,"Count (Dmnless)",272,"Dmnless",6,2006
"556",665,"2006-06-11","37.93_-0.57_5760","37.93_-0.57_5760_20060611",NA,NA,71,"Capros aper",127419,NA,"Count (Dmnless)",41,"Dmnless",6,2006
"557",666,"2006-06-11","37.93_-0.57_5760","37.93_-0.57_5760_20060611",NA,NA,71,"Cepola macrophthalma",126835,NA,"Count (Dmnless)",59,"Dmnless",6,2006
"558",667,"2006-06-11","37.93_-0.57_5760","37.93_-0.57_5760_20060611",NA,NA,71,"Chelidonichthys lucerna",127262,NA,"Count (Dmnless)",1,"Dmnless",6,2006
"559",668,"2006-06-11","37.93_-0.57_5760","37.93_-0.57_5760_20060611",NA,NA,71,"Citharus linguatula",127130,NA,"Count (Dmnless)",1,"Dmnless",6,2006
"560",669,"2006-06-11","37.93_-0.57_5760","37.93_-0.57_5760_20060611",NA,NA,71,"Conger conger",126285,NA,"Count (Dmnless)",2,"Dmnless",6,2006
"561",670,"2006-06-11","37.93_-0.57_5760","37.93_-0.57_5760_20060611",NA,NA,71,"Deltentosteus quadrimaculatus",126880,NA,"Count (Dmnless)",3,"Dmnless",6,2006
"562",671,"2006-06-11","37.93_-0.57_5760","37.93_-0.57_5760_20060611",NA,NA,71,"Engraulis encrasicolus",126426,NA,"Count (Dmnless)",5,"Dmnless",6,2006
"563",672,"2006-06-11","37.93_-0.57_5760","37.93_-0.57_5760_20060611",NA,NA,71,"Gobius niger",126892,NA,"Count (Dmnless)",1,"Dmnless",6,2006
"564",673,"2006-06-11","37.93_-0.57_5760","37.93_-0.57_5760_20060611",NA,NA,71,"Lepidotrigla cavillone",127264,NA,"Count (Dmnless)",26,"Dmnless",6,2006
"565",674,"2006-06-11","37.93_-0.57_5760","37.93_-0.57_5760_20060611",NA,NA,71,"Lesueurigobius sanzi",126906,NA,"Count (Dmnless)",3,"Dmnless",6,2006
"566",675,"2006-06-11","37.93_-0.57_5760","37.93_-0.57_5760_20060611",NA,NA,71,"Lophius budegassa",126554,NA,"Count (Dmnless)",1,"Dmnless",6,2006
"567",676,"2006-06-11","37.93_-0.57_5760","37.93_-0.57_5760_20060611",NA,NA,71,"Macroramphosus scolopax",127378,NA,"Count (Dmnless)",4,"Dmnless",6,2006
"568",677,"2006-06-11","37.93_-0.57_5760","37.93_-0.57_5760_20060611",NA,NA,71,"Mullus barbatus",126985,NA,"Count (Dmnless)",5,"Dmnless",6,2006
"569",678,"2006-06-11","37.93_-0.57_5760","37.93_-0.57_5760_20060611",NA,NA,71,"Mullus surmuletus",126986,NA,"Count (Dmnless)",63,"Dmnless",6,2006
"570",679,"2006-06-11","37.93_-0.57_5760","37.93_-0.57_5760_20060611",NA,NA,71,"Ophichthus rufus",126316,NA,"Count (Dmnless)",1,"Dmnless",6,2006
"571",680,"2006-06-11","37.93_-0.57_5760","37.93_-0.57_5760_20060611",NA,NA,71,"Pagellus bogaraveo",127059,NA,"Count (Dmnless)",13,"Dmnless",6,2006
"572",681,"2006-06-11","37.93_-0.57_5760","37.93_-0.57_5760_20060611",NA,NA,71,"Sardina pilchardus",126421,NA,"Count (Dmnless)",12,"Dmnless",6,2006
"573",682,"2006-06-11","37.93_-0.57_5760","37.93_-0.57_5760_20060611",NA,NA,71,"Scyliorhinus canicula",105814,NA,"Count (Dmnless)",4,"Dmnless",6,2006
"574",683,"2006-06-11","37.93_-0.57_5760","37.93_-0.57_5760_20060611",NA,NA,71,"Serranus cabrilla",127041,NA,"Count (Dmnless)",1,"Dmnless",6,2006
"575",684,"2006-06-11","37.93_-0.57_5760","37.93_-0.57_5760_20060611",NA,NA,71,"Serranus hepatus",127042,NA,"Count (Dmnless)",36,"Dmnless",6,2006
"576",685,"2006-06-11","37.93_-0.57_5760","37.93_-0.57_5760_20060611",NA,NA,71,"Spicara flexuosum",1577318,NA,"Count (Dmnless)",82,"Dmnless",6,2006
"577",686,"2006-06-11","37.93_-0.57_5760","37.93_-0.57_5760_20060611",NA,NA,71,"Spicara smaris",126830,NA,"Count (Dmnless)",30,"Dmnless",6,2006
"578",687,"2006-06-11","37.93_-0.57_5760","37.93_-0.57_5760_20060611",NA,NA,71,"Spondyliosoma cantharus",127066,NA,"Count (Dmnless)",1,"Dmnless",6,2006
"579",688,"2006-06-11","37.93_-0.57_5760","37.93_-0.57_5760_20060611",NA,NA,71,"Symphurus nigrescens",127134,NA,"Count (Dmnless)",4,"Dmnless",6,2006
"580",689,"2006-06-11","37.93_-0.57_5760","37.93_-0.57_5760_20060611",NA,NA,71,"Torpedo marmorata",271684,NA,"Count (Dmnless)",1,"Dmnless",6,2006
"581",690,"2006-06-11","37.93_-0.57_5760","37.93_-0.57_5760_20060611",NA,NA,71,"Trachinus draco",127082,NA,"Count (Dmnless)",1,"Dmnless",6,2006
"582",691,"2006-06-11","37.93_-0.57_5760","37.93_-0.57_5760_20060611",NA,NA,71,"Trachurus picturatus",126821,NA,"Count (Dmnless)",2,"Dmnless",6,2006
"583",692,"2006-06-11","37.93_-0.57_5760","37.93_-0.57_5760_20060611",NA,NA,71,"Trachurus trachurus",126822,NA,"Count (Dmnless)",360,"Dmnless",6,2006
"584",693,"2006-06-11","37.93_-0.57_5760","37.93_-0.57_5760_20060611",NA,NA,71,"Uranoscopus scaber",127093,NA,"Count (Dmnless)",4,"Dmnless",6,2006
"585",694,"2007-06-01","37.93_-0.57_5760","37.93_-0.57_5760_20070601",NA,NA,NA,"Arnoglossus laterna",127126,NA,"Count (Dmnless)",10,"Dmnless",6,2007
"586",695,"2007-06-01","37.93_-0.57_5760","37.93_-0.57_5760_20070601",NA,NA,NA,"Blennius ocellaris",126761,NA,"Count (Dmnless)",1,"Dmnless",6,2007
"587",696,"2007-06-01","37.93_-0.57_5760","37.93_-0.57_5760_20070601",NA,NA,NA,"Boops boops",127047,NA,"Count (Dmnless)",11,"Dmnless",6,2007
"588",697,"2007-06-01","37.93_-0.57_5760","37.93_-0.57_5760_20070601",NA,NA,NA,"Capros aper",127419,NA,"Count (Dmnless)",24,"Dmnless",6,2007
"589",698,"2007-06-01","37.93_-0.57_5760","37.93_-0.57_5760_20070601",NA,NA,NA,"Cepola macrophthalma",126835,NA,"Count (Dmnless)",36,"Dmnless",6,2007
"590",699,"2007-06-01","37.93_-0.57_5760","37.93_-0.57_5760_20070601",NA,NA,NA,"Citharus linguatula",127130,NA,"Count (Dmnless)",3,"Dmnless",6,2007
"591",700,"2007-06-01","37.93_-0.57_5760","37.93_-0.57_5760_20070601",NA,NA,NA,"Diplodus vulgaris",127054,NA,"Count (Dmnless)",1,"Dmnless",6,2007
"592",701,"2007-06-01","37.93_-0.57_5760","37.93_-0.57_5760_20070601",NA,NA,NA,"Engraulis encrasicolus",126426,NA,"Count (Dmnless)",21,"Dmnless",6,2007
"593",702,"2007-06-01","37.93_-0.57_5760","37.93_-0.57_5760_20070601",NA,NA,NA,"Lepidotrigla cavillone",127264,NA,"Count (Dmnless)",19,"Dmnless",6,2007
"594",703,"2007-06-01","37.93_-0.57_5760","37.93_-0.57_5760_20070601",NA,NA,NA,"Lophius budegassa",126554,NA,"Count (Dmnless)",2,"Dmnless",6,2007
"595",704,"2007-06-01","37.93_-0.57_5760","37.93_-0.57_5760_20070601",NA,NA,NA,"Macroramphosus scolopax",127378,NA,"Count (Dmnless)",3,"Dmnless",6,2007
"596",705,"2007-06-01","37.93_-0.57_5760","37.93_-0.57_5760_20070601",NA,NA,NA,"Merluccius merluccius",126484,NA,"Count (Dmnless)",26,"Dmnless",6,2007
"597",706,"2007-06-01","37.93_-0.57_5760","37.93_-0.57_5760_20070601",NA,NA,NA,"Mullus barbatus",126985,NA,"Count (Dmnless)",2,"Dmnless",6,2007
"598",707,"2007-06-01","37.93_-0.57_5760","37.93_-0.57_5760_20070601",NA,NA,NA,"Pagellus acarne",127057,NA,"Count (Dmnless)",1,"Dmnless",6,2007
"599",708,"2007-06-01","37.93_-0.57_5760","37.93_-0.57_5760_20070601",NA,NA,NA,"Pagellus bogaraveo",127059,NA,"Count (Dmnless)",11,"Dmnless",6,2007
"600",709,"2007-06-01","37.93_-0.57_5760","37.93_-0.57_5760_20070601",NA,NA,NA,"Sardina pilchardus",126421,NA,"Count (Dmnless)",371,"Dmnless",6,2007
"601",710,"2007-06-01","37.93_-0.57_5760","37.93_-0.57_5760_20070601",NA,NA,NA,"Scorpaena notata",127246,NA,"Count (Dmnless)",12,"Dmnless",6,2007
"602",711,"2007-06-01","37.93_-0.57_5760","37.93_-0.57_5760_20070601",NA,NA,NA,"Scorpaena porcus",127247,NA,"Count (Dmnless)",1,"Dmnless",6,2007
"603",712,"2007-06-01","37.93_-0.57_5760","37.93_-0.57_5760_20070601",NA,NA,NA,"Serranus hepatus",127042,NA,"Count (Dmnless)",51,"Dmnless",6,2007
"604",713,"2007-06-01","37.93_-0.57_5760","37.93_-0.57_5760_20070601",NA,NA,NA,"Spicara maena",126828,NA,"Count (Dmnless)",28,"Dmnless",6,2007
"605",714,"2007-06-01","37.93_-0.57_5760","37.93_-0.57_5760_20070601",NA,NA,NA,"Spicara smaris",126830,NA,"Count (Dmnless)",2,"Dmnless",6,2007
"606",715,"2007-06-01","37.93_-0.57_5760","37.93_-0.57_5760_20070601",NA,NA,NA,"Spondyliosoma cantharus",127066,NA,"Count (Dmnless)",1,"Dmnless",6,2007
"607",716,"2007-06-01","37.93_-0.57_5760","37.93_-0.57_5760_20070601",NA,NA,NA,"Trachinus draco",127082,NA,"Count (Dmnless)",1,"Dmnless",6,2007
"608",717,"2007-06-01","37.93_-0.57_5760","37.93_-0.57_5760_20070601",NA,NA,NA,"Trachurus mediterraneus",126820,NA,"Count (Dmnless)",24,"Dmnless",6,2007
"609",718,"2007-06-01","37.93_-0.57_5760","37.93_-0.57_5760_20070601",NA,NA,NA,"Trachurus trachurus",126822,NA,"Count (Dmnless)",198,"Dmnless",6,2007
"610",719,"2007-06-01","37.93_-0.57_5760","37.93_-0.57_5760_20070601",NA,NA,NA,"Trisopterus minutus",126446,NA,"Count (Dmnless)",9,"Dmnless",6,2007
"611",720,"2007-06-01","37.93_-0.57_5760","37.93_-0.57_5760_20070601",NA,NA,NA,"Uranoscopus scaber",127093,NA,"Count (Dmnless)",4,"Dmnless",6,2007
